"year","month","accidents","fatalities","total_gdp","gdp_per_capita","unemployment","population","environmental_taxes","vehicles","petrol_cons","ng_cons","el_cons","fatal_per_million_veh","speed_infr","drink_infr","belt_infr","helmet_infr","inflation_rate","gini_index"
1996,1,1421,146,"100.664","9.489","426.8","10608821",NULL,"3797234",NULL,NULL,NULL,NULL,NULL,NULL,NULL,NULL,"8.2",NULL
1996,2,1468,141,"100.664","9.489","426.8","10608821",NULL,"3797234",NULL,NULL,NULL,NULL,NULL,NULL,NULL,NULL,"8.2",NULL
1996,3,1512,116,"100.664","9.489","426.8","10608821",NULL,"3797234",NULL,NULL,NULL,NULL,NULL,NULL,NULL,NULL,"8.2",NULL
1996,4,1870,157,"100.664","9.489","426.8","10608821",NULL,"3797234",NULL,NULL,NULL,NULL,NULL,NULL,NULL,NULL,"8.2",NULL
1996,5,2199,158,"100.664","9.489","426.8","10608821",NULL,"3797234",NULL,NULL,NULL,NULL,NULL,NULL,NULL,NULL,"8.2",NULL
1996,6,2366,186,"100.664","9.489","426.8","10608821",NULL,"3797234",NULL,NULL,NULL,NULL,NULL,NULL,NULL,NULL,"8.2",NULL
1996,7,2484,218,"100.664","9.489","426.8","10608821",NULL,"3797234",NULL,NULL,NULL,NULL,NULL,NULL,NULL,NULL,"8.2",NULL
1996,8,2380,292,"100.664","9.489","426.8","10608821",NULL,"3797234",NULL,NULL,NULL,NULL,NULL,NULL,NULL,NULL,"8.2",NULL
1996,9,2240,205,"100.664","9.489","426.8","10608821",NULL,"3797234",NULL,NULL,NULL,NULL,NULL,NULL,NULL,NULL,"8.2",NULL
1996,10,2124,189,"100.664","9.489","426.8","10608821",NULL,"3797234",NULL,NULL,NULL,NULL,NULL,NULL,NULL,NULL,"8.2",NULL
1996,11,1930,171,"100.664","9.489","426.8","10608821",NULL,"3797234",NULL,NULL,NULL,NULL,NULL,NULL,NULL,NULL,"8.2",NULL
1996,12,1781,178,"100.664","9.489","426.8","10608821",NULL,"3797234",NULL,NULL,NULL,NULL,NULL,NULL,NULL,NULL,"8.2",NULL
1997,1,1625,137,"111.193","10.430","426.3","10661312",NULL,"4048471",NULL,NULL,NULL,NULL,NULL,NULL,NULL,NULL,"5.5",NULL
1997,2,1605,123,"111.193","10.430","426.3","10661312",NULL,"4048471",NULL,NULL,NULL,NULL,NULL,NULL,NULL,NULL,"5.5",NULL
1997,3,1831,138,"111.193","10.430","426.3","10661312",NULL,"4048471",NULL,NULL,NULL,NULL,NULL,NULL,NULL,NULL,"5.5",NULL
1997,4,1810,188,"111.193","10.430","426.3","10661312",NULL,"4048471",NULL,NULL,NULL,NULL,NULL,NULL,NULL,NULL,"5.5",NULL
1997,5,2003,160,"111.193","10.430","426.3","10661312",NULL,"4048471",NULL,NULL,NULL,NULL,NULL,NULL,NULL,NULL,"5.5",NULL
1997,6,2378,199,"111.193","10.430","426.3","10661312",NULL,"4048471",NULL,NULL,NULL,NULL,NULL,NULL,NULL,NULL,"5.5",NULL
1997,7,2776,254,"111.193","10.430","426.3","10661312",NULL,"4048471",NULL,NULL,NULL,NULL,NULL,NULL,NULL,NULL,"5.5",NULL
1997,8,2408,228,"111.193","10.430","426.3","10661312",NULL,"4048471",NULL,NULL,NULL,NULL,NULL,NULL,NULL,NULL,"5.5",NULL
1997,9,2047,172,"111.193","10.430","426.3","10661312",NULL,"4048471",NULL,NULL,NULL,NULL,NULL,NULL,NULL,NULL,"5.5",NULL
1997,10,2130,204,"111.193","10.430","426.3","10661312",NULL,"4048471",NULL,NULL,NULL,NULL,NULL,NULL,NULL,NULL,"5.5",NULL
1997,11,1869,166,"111.193","10.430","426.3","10661312",NULL,"4048471",NULL,NULL,NULL,NULL,NULL,NULL,NULL,NULL,"5.5",NULL
1997,12,1813,136,"111.193","10.430","426.3","10661312",NULL,"4048471",NULL,NULL,NULL,NULL,NULL,NULL,NULL,NULL,"5.5",NULL
1998,1,1706,156,"121.086","11.295","507.9","10720566",NULL,"4323118",NULL,NULL,NULL,NULL,NULL,NULL,NULL,NULL,"4.8",NULL
1998,2,1615,147,"121.086","11.295","507.9","10720566",NULL,"4323118",NULL,NULL,NULL,NULL,NULL,NULL,NULL,NULL,"4.8",NULL
1998,3,1672,137,"121.086","11.295","507.9","10720566",NULL,"4323118",NULL,NULL,NULL,NULL,NULL,NULL,NULL,NULL,"4.8",NULL
1998,4,1895,163,"121.086","11.295","507.9","10720566",NULL,"4323118",NULL,NULL,NULL,NULL,NULL,NULL,NULL,NULL,"4.8",NULL
1998,5,2098,170,"121.086","11.295","507.9","10720566",NULL,"4323118",NULL,NULL,NULL,NULL,NULL,NULL,NULL,NULL,"4.8",NULL
1998,6,2459,188,"121.086","11.295","507.9","10720566",NULL,"4323118",NULL,NULL,NULL,NULL,NULL,NULL,NULL,NULL,"4.8",NULL
1998,7,2738,242,"121.086","11.295","507.9","10720566",NULL,"4323118",NULL,NULL,NULL,NULL,NULL,NULL,NULL,NULL,"4.8",NULL
1998,8,2579,275,"121.086","11.295","507.9","10720566",NULL,"4323118",NULL,NULL,NULL,NULL,NULL,NULL,NULL,NULL,"4.8",NULL
1998,9,2210,204,"121.086","11.295","507.9","10720566",NULL,"4323118",NULL,NULL,NULL,NULL,NULL,NULL,NULL,NULL,"4.8",NULL
1998,10,2303,199,"121.086","11.295","507.9","10720566",NULL,"4323118",NULL,NULL,NULL,NULL,NULL,NULL,NULL,NULL,"4.8",NULL
1998,11,1801,137,"121.086","11.295","507.9","10720566",NULL,"4323118",NULL,NULL,NULL,NULL,NULL,NULL,NULL,NULL,"4.8",NULL
1998,12,1743,164,"121.086","11.295","507.9","10720566",NULL,"4323118",NULL,NULL,NULL,NULL,NULL,NULL,NULL,NULL,"4.8",NULL
1999,1,1809,142,"128.668","11.956","554.7","10761705",NULL,"4690412",NULL,NULL,NULL,NULL,NULL,NULL,NULL,NULL,"2.6",NULL
1999,2,1528,126,"128.668","11.956","554.7","10761705",NULL,"4690412",NULL,NULL,NULL,NULL,NULL,NULL,NULL,NULL,"2.6",NULL
1999,3,1687,146,"128.668","11.956","554.7","10761705",NULL,"4690412",NULL,NULL,NULL,NULL,NULL,NULL,NULL,NULL,"2.6",NULL
1999,4,2020,196,"128.668","11.956","554.7","10761705",NULL,"4690412",NULL,NULL,NULL,NULL,NULL,NULL,NULL,NULL,"2.6",NULL
1999,5,2098,167,"128.668","11.956","554.7","10761705",NULL,"4690412",NULL,NULL,NULL,NULL,NULL,NULL,NULL,NULL,"2.6",NULL
1999,6,2259,189,"128.668","11.956","554.7","10761705",NULL,"4690412",NULL,NULL,NULL,NULL,NULL,NULL,NULL,NULL,"2.6",NULL
1999,7,2490,237,"128.668","11.956","554.7","10761705",NULL,"4690412",NULL,NULL,NULL,NULL,NULL,NULL,NULL,NULL,"2.6",NULL
1999,8,2409,233,"128.668","11.956","554.7","10761705",NULL,"4690412",NULL,NULL,NULL,NULL,NULL,NULL,NULL,NULL,"2.6",NULL
1999,9,2113,155,"128.668","11.956","554.7","10761705",NULL,"4690412",NULL,NULL,NULL,NULL,NULL,NULL,NULL,NULL,"2.6",NULL
1999,10,2060,189,"128.668","11.956","554.7","10761705",NULL,"4690412",NULL,NULL,NULL,NULL,NULL,NULL,NULL,NULL,"2.6",NULL
1999,11,1858,158,"128.668","11.956","554.7","10761705",NULL,"4690412",NULL,NULL,NULL,NULL,NULL,NULL,NULL,NULL,"2.6",NULL
1999,12,1900,178,"128.668","11.956","554.7","10761705",NULL,"4690412",NULL,NULL,NULL,NULL,NULL,NULL,NULL,NULL,"2.6",NULL
2000,1,1581,124,"136.161","12.601","523.5","10805796",NULL,"5060885",NULL,NULL,NULL,NULL,NULL,NULL,NULL,NULL,"3.2",NULL
2000,2,1569,142,"136.161","12.601","523.5","10805796",NULL,"5060885",NULL,NULL,NULL,NULL,NULL,NULL,NULL,NULL,"3.2",NULL
2000,3,1792,138,"136.161","12.601","523.5","10805796",NULL,"5060885",NULL,NULL,NULL,NULL,NULL,NULL,NULL,NULL,"3.2",NULL
2000,4,1872,180,"136.161","12.601","523.5","10805796",NULL,"5060885",NULL,NULL,NULL,NULL,NULL,NULL,NULL,NULL,"3.2",NULL
2000,5,2035,162,"136.161","12.601","523.5","10805796",NULL,"5060885",NULL,NULL,NULL,NULL,NULL,NULL,NULL,NULL,"3.2",NULL
2000,6,2293,185,"136.161","12.601","523.5","10805796",NULL,"5060885",NULL,NULL,NULL,NULL,NULL,NULL,NULL,NULL,"3.2",NULL
2000,7,2376,201,"136.161","12.601","523.5","10805796",NULL,"5060885",NULL,NULL,NULL,NULL,NULL,NULL,NULL,NULL,"3.2",NULL
2000,8,2224,244,"136.161","12.601","523.5","10805796",NULL,"5060885",NULL,NULL,NULL,NULL,NULL,NULL,NULL,NULL,"3.2",NULL
2000,9,1961,174,"136.161","12.601","523.5","10805796",NULL,"5060885",NULL,NULL,NULL,NULL,NULL,NULL,NULL,NULL,"3.2",NULL
2000,10,1788,164,"136.161","12.601","523.5","10805796",NULL,"5060885",NULL,NULL,NULL,NULL,NULL,NULL,NULL,NULL,"3.2",NULL
2000,11,1760,167,"136.161","12.601","523.5","10805796",NULL,"5060885",NULL,NULL,NULL,NULL,NULL,NULL,NULL,NULL,"3.2",NULL
2000,12,1750,156,"136.161","12.601","523.5","10805796",NULL,"5060885",NULL,NULL,NULL,NULL,NULL,NULL,NULL,NULL,"3.2",NULL
2001,1,1489,139,"147.439","13.574","508.4","10862146",NULL,"5389996",NULL,NULL,NULL,NULL,NULL,NULL,NULL,NULL,"3.4",NULL
2001,2,1496,155,"147.439","13.574","508.4","10862146",NULL,"5389996",NULL,NULL,NULL,NULL,NULL,NULL,NULL,NULL,"3.4",NULL
2001,3,1768,126,"147.439","13.574","508.4","10862146",NULL,"5389996",NULL,NULL,NULL,NULL,NULL,NULL,NULL,NULL,"3.4",NULL
2001,4,1559,152,"147.439","13.574","508.4","10862146",NULL,"5389996",NULL,NULL,NULL,NULL,NULL,NULL,NULL,NULL,"3.4",NULL
2001,5,1753,139,"147.439","13.574","508.4","10862146",NULL,"5389996",NULL,NULL,NULL,NULL,NULL,NULL,NULL,NULL,"3.4",NULL
2001,6,1786,153,"147.439","13.574","508.4","10862146",NULL,"5389996",NULL,NULL,NULL,NULL,NULL,NULL,NULL,NULL,"3.4",NULL
2001,7,1900,188,"147.439","13.574","508.4","10862146",NULL,"5389996",NULL,NULL,NULL,NULL,NULL,NULL,NULL,NULL,"3.4",NULL
2001,8,1738,200,"147.439","13.574","508.4","10862146",NULL,"5389996",NULL,NULL,NULL,NULL,NULL,NULL,NULL,NULL,"3.4",NULL
2001,9,1734,186,"147.439","13.574","508.4","10862146",NULL,"5389996",NULL,NULL,NULL,NULL,NULL,NULL,NULL,NULL,"3.4",NULL
2001,10,1750,174,"147.439","13.574","508.4","10862146",NULL,"5389996",NULL,NULL,NULL,NULL,NULL,NULL,NULL,NULL,"3.4",NULL
2001,11,1431,152,"147.439","13.574","508.4","10862146",NULL,"5389996",NULL,NULL,NULL,NULL,NULL,NULL,NULL,NULL,"3.4",NULL
2001,12,1267,116,"147.439","13.574","508.4","10862146",NULL,"5389996",NULL,NULL,NULL,NULL,NULL,NULL,NULL,NULL,"3.4",NULL
2002,1,1117,97,"158.902","14.576","492.6","10902005",NULL,"5693008",NULL,NULL,NULL,NULL,NULL,NULL,NULL,NULL,"3.6",NULL
2002,2,1277,97,"158.902","14.576","492.6","10902005",NULL,"5693008",NULL,NULL,NULL,NULL,NULL,NULL,NULL,NULL,"3.6",NULL
2002,3,1449,125,"158.902","14.576","492.6","10902005",NULL,"5693008",NULL,NULL,NULL,NULL,NULL,NULL,NULL,NULL,"3.6",NULL
2002,4,1322,109,"158.902","14.576","492.6","10902005",NULL,"5693008",NULL,NULL,NULL,NULL,NULL,NULL,NULL,NULL,"3.6",NULL
2002,5,1507,156,"158.902","14.576","492.6","10902005",NULL,"5693008",NULL,NULL,NULL,NULL,NULL,NULL,NULL,NULL,"3.6",NULL
2002,6,1618,175,"158.902","14.576","492.6","10902005",NULL,"5693008",NULL,NULL,NULL,NULL,NULL,NULL,NULL,NULL,"3.6",NULL
2002,7,1663,198,"158.902","14.576","492.6","10902005",NULL,"5693008",NULL,NULL,NULL,NULL,NULL,NULL,NULL,NULL,"3.6",NULL
2002,8,1421,157,"158.902","14.576","492.6","10902005",NULL,"5693008",NULL,NULL,NULL,NULL,NULL,NULL,NULL,NULL,"3.6",NULL
2002,9,1411,141,"158.902","14.576","492.6","10902005",NULL,"5693008",NULL,NULL,NULL,NULL,NULL,NULL,NULL,NULL,"3.6",NULL
2002,10,1500,133,"158.902","14.576","492.6","10902005",NULL,"5693008",NULL,NULL,NULL,NULL,NULL,NULL,NULL,NULL,"3.6",NULL
2002,11,1326,117,"158.902","14.576","492.6","10902005",NULL,"5693008",NULL,NULL,NULL,NULL,NULL,NULL,NULL,NULL,"3.6",NULL
2002,12,1198,129,"158.902","14.576","492.6","10902005",NULL,"5693008",NULL,NULL,NULL,NULL,NULL,NULL,NULL,NULL,"3.6",NULL
2003,1,1197,111,"174.096","15.931","472.6","10928091",NULL,"5967610",NULL,NULL,NULL,NULL,NULL,NULL,NULL,NULL,"3.5",NULL
2003,2,952,119,"174.096","15.931","472.6","10928091",NULL,"5967610",NULL,NULL,NULL,NULL,NULL,NULL,NULL,NULL,"3.5",NULL
2003,3,1060,115,"174.096","15.931","472.6","10928091",NULL,"5967610",NULL,NULL,NULL,NULL,NULL,NULL,NULL,NULL,"3.5",NULL
2003,4,1161,119,"174.096","15.931","472.6","10928091",NULL,"5967610",NULL,NULL,NULL,NULL,NULL,NULL,NULL,NULL,"3.5",NULL
2003,5,1448,122,"174.096","15.931","472.6","10928091",NULL,"5967610",NULL,NULL,NULL,NULL,NULL,NULL,NULL,NULL,"3.5",NULL
2003,6,1449,139,"174.096","15.931","472.6","10928091",NULL,"5967610",NULL,NULL,NULL,NULL,NULL,NULL,NULL,NULL,"3.5",NULL
2003,7,1709,181,"174.096","15.931","472.6","10928091",NULL,"5967610",NULL,NULL,NULL,NULL,NULL,NULL,NULL,NULL,"3.5",NULL
2003,8,1476,161,"174.096","15.931","472.6","10928091",NULL,"5967610",NULL,NULL,NULL,NULL,NULL,NULL,NULL,NULL,"3.5",NULL
2003,9,1380,153,"174.096","15.931","472.6","10928091",NULL,"5967610",NULL,NULL,NULL,NULL,NULL,NULL,NULL,NULL,"3.5",NULL
2003,10,1459,132,"174.096","15.931","472.6","10928091",NULL,"5967610",NULL,NULL,NULL,NULL,NULL,NULL,NULL,NULL,"3.5",NULL
2003,11,1288,132,"174.096","15.931","472.6","10928091",NULL,"5967610",NULL,NULL,NULL,NULL,NULL,NULL,NULL,NULL,"3.5",NULL
2003,12,1172,121,"174.096","15.931","472.6","10928091",NULL,"5967610",NULL,NULL,NULL,NULL,NULL,NULL,NULL,NULL,"3.5",NULL
2004,1,1010,111,"188.905","17.243","520.0","10955163",NULL,"6302033",NULL,NULL,NULL,NULL,NULL,NULL,NULL,NULL,"2.9",NULL
2004,2,1039,114,"188.905","17.243","520.0","10955163",NULL,"6302033",NULL,NULL,NULL,NULL,NULL,NULL,NULL,NULL,"2.9",NULL
2004,3,1164,122,"188.905","17.243","520.0","10955163",NULL,"6302033",NULL,NULL,NULL,NULL,NULL,NULL,NULL,NULL,"2.9",NULL
2004,4,1214,137,"188.905","17.243","520.0","10955163",NULL,"6302033",NULL,NULL,NULL,NULL,NULL,NULL,NULL,NULL,"2.9",NULL
2004,5,1423,144,"188.905","17.243","520.0","10955163",NULL,"6302033",NULL,NULL,NULL,NULL,NULL,NULL,NULL,NULL,"2.9",NULL
2004,6,1453,149,"188.905","17.243","520.0","10955163",NULL,"6302033",NULL,NULL,NULL,NULL,NULL,NULL,NULL,NULL,"2.9",NULL
2004,7,1478,158,"188.905","17.243","520.0","10955163",NULL,"6302033",NULL,NULL,NULL,NULL,NULL,NULL,NULL,NULL,"2.9",NULL
2004,8,1491,183,"188.905","17.243","520.0","10955163",NULL,"6302033",NULL,NULL,NULL,NULL,NULL,NULL,NULL,NULL,"2.9",NULL
2004,9,1339,164,"188.905","17.243","520.0","10955163",NULL,"6302033",NULL,NULL,NULL,NULL,NULL,NULL,NULL,NULL,"2.9",NULL
2004,10,1274,137,"188.905","17.243","520.0","10955163",NULL,"6302033",NULL,NULL,NULL,NULL,NULL,NULL,NULL,NULL,"2.9",NULL
2004,11,1268,114,"188.905","17.243","520.0","10955163",NULL,"6302033",NULL,NULL,NULL,NULL,NULL,NULL,NULL,NULL,"2.9",NULL
2004,12,1394,137,"188.905","17.243","520.0","10955163",NULL,"6302033",NULL,NULL,NULL,NULL,NULL,NULL,NULL,NULL,"2.9",NULL
2005,1,1125,116,"194.773","17.727","493.5","10987352",NULL,"6640613",NULL,NULL,NULL,NULL,NULL,NULL,NULL,NULL,"3.5",NULL
2005,2,1031,106,"194.773","17.727","493.5","10987352",NULL,"6640613",NULL,NULL,NULL,NULL,NULL,NULL,NULL,NULL,"3.5",NULL
2005,3,1321,118,"194.773","17.727","493.5","10987352",NULL,"6640613",NULL,NULL,NULL,NULL,NULL,NULL,NULL,NULL,"3.5",NULL
2005,4,1520,98,"194.773","17.727","493.5","10987352",NULL,"6640613",NULL,NULL,NULL,NULL,NULL,NULL,NULL,NULL,"3.5",NULL
2005,5,1590,142,"194.773","17.727","493.5","10987352",NULL,"6640613",NULL,NULL,NULL,NULL,NULL,NULL,NULL,NULL,"3.5",NULL
2005,6,1705,173,"194.773","17.727","493.5","10987352",NULL,"6640613",NULL,NULL,NULL,NULL,NULL,NULL,NULL,NULL,"3.5",NULL
2005,7,1674,170,"194.773","17.727","493.5","10987352",NULL,"6640613",NULL,NULL,NULL,NULL,NULL,NULL,NULL,NULL,"3.5",NULL
2005,8,1445,177,"194.773","17.727","493.5","10987352",NULL,"6640613",NULL,NULL,NULL,NULL,NULL,NULL,NULL,NULL,"3.5",NULL
2005,9,1450,135,"194.773","17.727","493.5","10987352",NULL,"6640613",NULL,NULL,NULL,NULL,NULL,NULL,NULL,NULL,"3.5",NULL
2005,10,1478,142,"194.773","17.727","493.5","10987352",NULL,"6640613",NULL,NULL,NULL,NULL,NULL,NULL,NULL,NULL,"3.5",NULL
2005,11,1259,135,"194.773","17.727","493.5","10987352",NULL,"6640613",NULL,NULL,NULL,NULL,NULL,NULL,NULL,NULL,"3.5",NULL
2005,12,1316,146,"194.773","17.727","493.5","10987352",NULL,"6640613",NULL,NULL,NULL,NULL,NULL,NULL,NULL,NULL,"3.5",NULL
2006,1,1016,105,"214.299","19.446","448.2","11020393",NULL,"6995659",NULL,NULL,NULL,NULL,NULL,NULL,NULL,NULL,"3.2",NULL
2006,2,1078,104,"214.299","19.446","448.2","11020393",NULL,"6995659",NULL,NULL,NULL,NULL,NULL,NULL,NULL,NULL,"3.2",NULL
2006,3,1223,118,"214.299","19.446","448.2","11020393",NULL,"6995659",NULL,NULL,NULL,NULL,NULL,NULL,NULL,NULL,"3.2",NULL
2006,4,1335,134,"214.299","19.446","448.2","11020393",NULL,"6995659",NULL,NULL,NULL,NULL,NULL,NULL,NULL,NULL,"3.2",NULL
2006,5,1440,119,"214.299","19.446","448.2","11020393",NULL,"6995659",NULL,NULL,NULL,NULL,NULL,NULL,NULL,NULL,"3.2",NULL
2006,6,1492,167,"214.299","19.446","448.2","11020393",NULL,"6995659",NULL,NULL,NULL,NULL,NULL,NULL,NULL,NULL,"3.2",NULL
2006,7,1567,177,"214.299","19.446","448.2","11020393",NULL,"6995659",NULL,NULL,NULL,NULL,NULL,NULL,NULL,NULL,"3.2",NULL
2006,8,1485,168,"214.299","19.446","448.2","11020393",NULL,"6995659",NULL,NULL,NULL,NULL,NULL,NULL,NULL,NULL,"3.2",NULL
2006,9,1401,170,"214.299","19.446","448.2","11020393",NULL,"6995659",NULL,NULL,NULL,NULL,NULL,NULL,NULL,NULL,"3.2",NULL
2006,10,1386,130,"214.299","19.446","448.2","11020393",NULL,"6995659",NULL,NULL,NULL,NULL,NULL,NULL,NULL,NULL,"3.2",NULL
2006,11,1364,117,"214.299","19.446","448.2","11020393",NULL,"6995659",NULL,NULL,NULL,NULL,NULL,NULL,NULL,NULL,"3.2",NULL
2006,12,1232,148,"214.299","19.446","448.2","11020393",NULL,"6995659",NULL,NULL,NULL,NULL,NULL,NULL,NULL,NULL,"3.2",NULL
2007,1,1234,126,"229.283","20.752","418.3","11048499",NULL,"7380265",NULL,NULL,NULL,218,"353133","45668","107112","97953","2.9",NULL
2007,2,1042,105,"229.283","20.752","418.3","11048499",NULL,"7380265",NULL,NULL,NULL,218,"353133","45668","107112","97953","2.9",NULL
2007,3,1311,133,"229.283","20.752","418.3","11048499",NULL,"7380265",NULL,NULL,NULL,218,"353133","45668","107112","97953","2.9",NULL
2007,4,1291,137,"229.283","20.752","418.3","11048499",NULL,"7380265",NULL,NULL,NULL,218,"353133","45668","107112","97953","2.9",NULL
2007,5,1378,128,"229.283","20.752","418.3","11048499",NULL,"7380265",NULL,NULL,NULL,218,"353133","45668","107112","97953","2.9",NULL
2007,6,1351,108,"229.283","20.752","418.3","11048499",NULL,"7380265",NULL,NULL,NULL,218,"353133","45668","107112","97953","2.9",NULL
2007,7,1561,170,"229.283","20.752","418.3","11048499",NULL,"7380265",NULL,NULL,NULL,218,"353133","45668","107112","97953","2.9",NULL
2007,8,1267,143,"229.283","20.752","418.3","11048499",NULL,"7380265",NULL,NULL,NULL,218,"353133","45668","107112","97953","2.9",NULL
2007,9,1346,146,"229.283","20.752","418.3","11048499",NULL,"7380265",NULL,NULL,NULL,218,"353133","45668","107112","97953","2.9",NULL
2007,10,1348,145,"229.283","20.752","418.3","11048499",NULL,"7380265",NULL,NULL,NULL,218,"353133","45668","107112","97953","2.9",NULL
2007,11,1208,125,"229.283","20.752","418.3","11048499",NULL,"7380265",NULL,NULL,NULL,218,"353133","45668","107112","97953","2.9",NULL
2007,12,1162,146,"229.283","20.752","418.3","11048499",NULL,"7380265",NULL,NULL,NULL,218,"353133","45668","107112","97953","2.9",NULL
2008,1,965,104,"238.735","21.551","387.9","11077863","4.972","7729262",NULL,NULL,NULL,201,"349417","47257","86353","94530","4.2",NULL
2008,2,958,92,"238.735","21.551","387.9","11077863","4.972","7729262",NULL,NULL,NULL,201,"349417","47257","86353","94530","4.2",NULL
2008,3,1088,120,"238.735","21.551","387.9","11077863","4.972","7729262",NULL,NULL,NULL,201,"349417","47257","86353","94530","4.2",NULL
2008,4,1203,127,"238.735","21.551","387.9","11077863","4.972","7729262",NULL,NULL,NULL,201,"349417","47257","86353","94530","4.2",NULL
2008,5,1365,116,"238.735","21.551","387.9","11077863","4.972","7729262",NULL,NULL,NULL,201,"349417","47257","86353","94530","4.2",NULL
2008,6,1511,152,"238.735","21.551","387.9","11077863","4.972","7729262",NULL,NULL,NULL,201,"349417","47257","86353","94530","4.2",NULL
2008,7,1504,150,"238.735","21.551","387.9","11077863","4.972","7729262",NULL,NULL,NULL,201,"349417","47257","86353","94530","4.2",NULL
2008,8,1328,207,"238.735","21.551","387.9","11077863","4.972","7729262",NULL,NULL,NULL,201,"349417","47257","86353","94530","4.2",NULL
2008,9,1329,132,"238.735","21.551","387.9","11077863","4.972","7729262",NULL,NULL,NULL,201,"349417","47257","86353","94530","4.2",NULL
2008,10,1452,140,"238.735","21.551","387.9","11077863","4.972","7729262",NULL,NULL,NULL,201,"349417","47257","86353","94530","4.2",NULL
2008,11,1263,109,"238.735","21.551","387.9","11077863","4.972","7729262",NULL,NULL,NULL,201,"349417","47257","86353","94530","4.2",NULL
2008,12,1117,104,"238.735","21.551","387.9","11077863","4.972","7729262",NULL,NULL,NULL,201,"349417","47257","86353","94530","4.2",NULL
2009,1,1037,98,"234.323","21.097","484.7","11107024","4.944","7910565",NULL,NULL,NULL,184,"330186","45901","77274","78453","1.2",NULL
2009,2,1068,108,"234.323","21.097","484.7","11107024","4.944","7910565",NULL,NULL,NULL,184,"330186","45901","77274","78453","1.2",NULL
2009,3,1206,107,"234.323","21.097","484.7","11107024","4.944","7910565",NULL,NULL,NULL,184,"330186","45901","77274","78453","1.2",NULL
2009,4,1216,114,"234.323","21.097","484.7","11107024","4.944","7910565",NULL,NULL,NULL,184,"330186","45901","77274","78453","1.2",NULL
2009,5,1381,120,"234.323","21.097","484.7","11107024","4.944","7910565",NULL,NULL,NULL,184,"330186","45901","77274","78453","1.2",NULL
2009,6,1407,140,"234.323","21.097","484.7","11107024","4.944","7910565",NULL,NULL,NULL,184,"330186","45901","77274","78453","1.2",NULL
2009,7,1510,144,"234.323","21.097","484.7","11107024","4.944","7910565",NULL,NULL,NULL,184,"330186","45901","77274","78453","1.2",NULL
2009,8,1256,137,"234.323","21.097","484.7","11107024","4.944","7910565",NULL,NULL,NULL,184,"330186","45901","77274","78453","1.2",NULL
2009,9,1202,141,"234.323","21.097","484.7","11107024","4.944","7910565",NULL,NULL,NULL,184,"330186","45901","77274","78453","1.2",NULL
2009,10,1240,154,"234.323","21.097","484.7","11107024","4.944","7910565",NULL,NULL,NULL,184,"330186","45901","77274","78453","1.2",NULL
2009,11,1161,94,"234.323","21.097","484.7","11107024","4.944","7910565",NULL,NULL,NULL,184,"330186","45901","77274","78453","1.2",NULL
2009,12,1105,99,"234.323","21.097","484.7","11107024","4.944","7910565",NULL,NULL,NULL,184,"330186","45901","77274","78453","1.2",NULL
2010,1,1082,85,"223.590","20.105","639.4","11121383","5.978","8062085",NULL,NULL,NULL,156,"263382","38033","49703","51526","4.7","32.9"
2010,2,1130,79,"223.590","20.105","639.4","11121383","5.978","8062085",NULL,NULL,NULL,156,"263382","38033","49703","51526","4.7","32.9"
2010,3,1299,103,"223.590","20.105","639.4","11121383","5.978","8062085",NULL,NULL,NULL,156,"263382","38033","49703","51526","4.7","32.9"
2010,4,1279,96,"223.590","20.105","639.4","11121383","5.978","8062085",NULL,NULL,NULL,156,"263382","38033","49703","51526","4.7","32.9"
2010,5,1424,100,"223.590","20.105","639.4","11121383","5.978","8062085",NULL,NULL,NULL,156,"263382","38033","49703","51526","4.7","32.9"
2010,6,1380,108,"223.590","20.105","639.4","11121383","5.978","8062085",NULL,NULL,NULL,156,"263382","38033","49703","51526","4.7","32.9"
2010,7,1384,105,"223.590","20.105","639.4","11121383","5.978","8062085",NULL,NULL,NULL,156,"263382","38033","49703","51526","4.7","32.9"
2010,8,1315,149,"223.590","20.105","639.4","11121383","5.978","8062085",NULL,NULL,NULL,156,"263382","38033","49703","51526","4.7","32.9"
2010,9,1244,117,"223.590","20.105","639.4","11121383","5.978","8062085",NULL,NULL,NULL,156,"263382","38033","49703","51526","4.7","32.9"
2010,10,1174,123,"223.590","20.105","639.4","11121383","5.978","8062085",NULL,NULL,NULL,156,"263382","38033","49703","51526","4.7","32.9"
2010,11,1137,88,"223.590","20.105","639.4","11121383","5.978","8062085",NULL,NULL,NULL,156,"263382","38033","49703","51526","4.7","32.9"
2010,12,1184,105,"223.590","20.105","639.4","11121383","5.978","8062085",NULL,NULL,NULL,156,"263382","38033","49703","51526","4.7","32.9"
2011,1,964,67,"203.475","18.323","881.8","11104944","6.017","8086910","196.666","14.940","0.000",141,"238033","34992","37120","47250","3.3","33.5"
2011,2,943,70,"203.475","18.323","881.8","11104944","6.017","8086910","196.666","14.940","0.000",141,"238033","34992","37120","47250","3.3","33.5"
2011,3,965,85,"203.475","18.323","881.8","11104944","6.017","8086910","196.666","14.940","0.000",141,"238033","34992","37120","47250","3.3","33.5"
2011,4,1152,85,"203.475","18.323","881.8","11104944","6.017","8086910","196.666","14.940","0.000",141,"238033","34992","37120","47250","3.3","33.5"
2011,5,1184,71,"203.475","18.323","881.8","11104944","6.017","8086910","196.666","14.940","0.000",141,"238033","34992","37120","47250","3.3","33.5"
2011,6,1363,106,"203.475","18.323","881.8","11104944","6.017","8086910","196.666","14.940","0.000",141,"238033","34992","37120","47250","3.3","33.5"
2011,7,1382,130,"203.475","18.323","881.8","11104944","6.017","8086910","196.666","14.940","0.000",141,"238033","34992","37120","47250","3.3","33.5"
2011,8,1235,119,"203.475","18.323","881.8","11104944","6.017","8086910","196.666","14.940","0.000",141,"238033","34992","37120","47250","3.3","33.5"
2011,9,1216,112,"203.475","18.323","881.8","11104944","6.017","8086910","196.666","14.940","0.000",141,"238033","34992","37120","47250","3.3","33.5"
2011,10,1166,106,"203.475","18.323","881.8","11104944","6.017","8086910","196.666","14.940","0.000",141,"238033","34992","37120","47250","3.3","33.5"
2011,11,1124,93,"203.475","18.323","881.8","11104944","6.017","8086910","196.666","14.940","0.000",141,"238033","34992","37120","47250","3.3","33.5"
2011,12,1155,97,"203.475","18.323","881.8","11104944","6.017","8086910","196.666","14.940","0.000",141,"238033","34992","37120","47250","3.3","33.5"
2012,1,879,75,"185.899","16.831","1195.1","11045010","6.938","8069872","54.935","14.725","0.000",122,"186675","30707","33722","47736","1.5","34.3"
2012,2,705,60,"185.899","16.831","1195.1","11045010","6.938","8069872","54.935","14.725","0.000",122,"186675","30707","33722","47736","1.5","34.3"
2012,3,983,71,"185.899","16.831","1195.1","11045010","6.938","8069872","54.935","14.725","0.000",122,"186675","30707","33722","47736","1.5","34.3"
2012,4,1036,70,"185.899","16.831","1195.1","11045010","6.938","8069872","54.935","14.725","0.000",122,"186675","30707","33722","47736","1.5","34.3"
2012,5,1048,82,"185.899","16.831","1195.1","11045010","6.938","8069872","54.935","14.725","0.000",122,"186675","30707","33722","47736","1.5","34.3"
2012,6,1203,83,"185.899","16.831","1195.1","11045010","6.938","8069872","54.935","14.725","0.000",122,"186675","30707","33722","47736","1.5","34.3"
2012,7,1250,105,"185.899","16.831","1195.1","11045010","6.938","8069872","54.935","14.725","0.000",122,"186675","30707","33722","47736","1.5","34.3"
2012,8,1054,95,"185.899","16.831","1195.1","11045010","6.938","8069872","54.935","14.725","0.000",122,"186675","30707","33722","47736","1.5","34.3"
2012,9,1105,94,"185.899","16.831","1195.1","11045010","6.938","8069872","54.935","14.725","0.000",122,"186675","30707","33722","47736","1.5","34.3"
2012,10,1162,96,"185.899","16.831","1195.1","11045010","6.938","8069872","54.935","14.725","0.000",122,"186675","30707","33722","47736","1.5","34.3"
2012,11,1006,79,"185.899","16.831","1195.1","11045010","6.938","8069872","54.935","14.725","0.000",122,"186675","30707","33722","47736","1.5","34.3"
2012,12,967,78,"185.899","16.831","1195.1","11045010","6.938","8069872","54.935","14.725","0.000",122,"186675","30707","33722","47736","1.5","34.3"
2013,1,861,69,"178.114","16.244","1330.3","10965214","7.240","8035423","204.357","13.414","1.892",109,"178816","30853","35478","58122","-0.9","34.4"
2013,2,800,55,"178.114","16.244","1330.3","10965214","7.240","8035423","204.357","13.414","1.892",109,"178816","30853","35478","58122","-0.9","34.4"
2013,3,948,55,"178.114","16.244","1330.3","10965214","7.240","8035423","204.357","13.414","1.892",109,"178816","30853","35478","58122","-0.9","34.4"
2013,4,1031,70,"178.114","16.244","1330.3","10965214","7.240","8035423","204.357","13.414","1.892",109,"178816","30853","35478","58122","-0.9","34.4"
2013,5,1058,55,"178.114","16.244","1330.3","10965214","7.240","8035423","204.357","13.414","1.892",109,"178816","30853","35478","58122","-0.9","34.4"
2013,6,1077,79,"178.114","16.244","1330.3","10965214","7.240","8035423","204.357","13.414","1.892",109,"178816","30853","35478","58122","-0.9","34.4"
2013,7,1147,85,"178.114","16.244","1330.3","10965214","7.240","8035423","204.357","13.414","1.892",109,"178816","30853","35478","58122","-0.9","34.4"
2013,8,1052,119,"178.114","16.244","1330.3","10965214","7.240","8035423","204.357","13.414","1.892",109,"178816","30853","35478","58122","-0.9","34.4"
2013,9,1091,93,"178.114","16.244","1330.3","10965214","7.240","8035423","204.357","13.414","1.892",109,"178816","30853","35478","58122","-0.9","34.4"
2013,10,1139,69,"178.114","16.244","1330.3","10965214","7.240","8035423","204.357","13.414","1.892",109,"178816","30853","35478","58122","-0.9","34.4"
2013,11,938,67,"178.114","16.244","1330.3","10965214","7.240","8035423","204.357","13.414","1.892",109,"178816","30853","35478","58122","-0.9","34.4"
2013,12,967,63,"178.114","16.244","1330.3","10965214","7.240","8035423","204.357","13.414","1.892",109,"178816","30853","35478","58122","-0.9","34.4"
2014,1,860,54,"176.072","16.165","1274.4","10892381","7.270","8048438","217.541","13.758","2.064",99,"156892","29597","34526","54354","-1.3","34.5"
2014,2,859,51,"176.072","16.165","1274.4","10892381","7.270","8048438","217.541","13.758","2.064",99,"156892","29597","34526","54354","-1.3","34.5"
2014,3,893,50,"176.072","16.165","1274.4","10892381","7.270","8048438","217.541","13.758","2.064",99,"156892","29597","34526","54354","-1.3","34.5"
2014,4,881,56,"176.072","16.165","1274.4","10892381","7.270","8048438","217.541","13.758","2.064",99,"156892","29597","34526","54354","-1.3","34.5"
2014,5,1105,67,"176.072","16.165","1274.4","10892381","7.270","8048438","217.541","13.758","2.064",99,"156892","29597","34526","54354","-1.3","34.5"
2014,6,1119,70,"176.072","16.165","1274.4","10892381","7.270","8048438","217.541","13.758","2.064",99,"156892","29597","34526","54354","-1.3","34.5"
2014,7,1159,79,"176.072","16.165","1274.4","10892381","7.270","8048438","217.541","13.758","2.064",99,"156892","29597","34526","54354","-1.3","34.5"
2014,8,1049,87,"176.072","16.165","1274.4","10892381","7.270","8048438","217.541","13.758","2.064",99,"156892","29597","34526","54354","-1.3","34.5"
2014,9,929,72,"176.072","16.165","1274.4","10892381","7.270","8048438","217.541","13.758","2.064",99,"156892","29597","34526","54354","-1.3","34.5"
2014,10,992,72,"176.072","16.165","1274.4","10892381","7.270","8048438","217.541","13.758","2.064",99,"156892","29597","34526","54354","-1.3","34.5"
2014,11,877,63,"176.072","16.165","1274.4","10892381","7.270","8048438","217.541","13.758","2.064",99,"156892","29597","34526","54354","-1.3","34.5"
2014,12,897,74,"176.072","16.165","1274.4","10892381","7.270","8048438","217.541","13.758","2.064",99,"156892","29597","34526","54354","-1.3","34.5"
2015,1,762,57,"175.363","16.206","1197.0","10820912","7.401","8076431","257.094","15.112","2.150",98,"173476","29191","29611","52783","-1.7","34.2"
2015,2,700,52,"175.363","16.206","1197.0","10820912","7.401","8076431","257.094","15.112","2.150",98,"173476","29191","29611","52783","-1.7","34.2"
2015,3,770,55,"175.363","16.206","1197.0","10820912","7.401","8076431","257.094","15.112","2.150",98,"173476","29191","29611","52783","-1.7","34.2"
2015,4,942,67,"175.363","16.206","1197.0","10820912","7.401","8076431","257.094","15.112","2.150",98,"173476","29191","29611","52783","-1.7","34.2"
2015,5,1065,62,"175.363","16.206","1197.0","10820912","7.401","8076431","257.094","15.112","2.150",98,"173476","29191","29611","52783","-1.7","34.2"
2015,6,1006,69,"175.363","16.206","1197.0","10820912","7.401","8076431","257.094","15.112","2.150",98,"173476","29191","29611","52783","-1.7","34.2"
2015,7,1171,76,"175.363","16.206","1197.0","10820912","7.401","8076431","257.094","15.112","2.150",98,"173476","29191","29611","52783","-1.7","34.2"
2015,8,1030,96,"175.363","16.206","1197.0","10820912","7.401","8076431","257.094","15.112","2.150",98,"173476","29191","29611","52783","-1.7","34.2"
2015,9,970,64,"175.363","16.206","1197.0","10820912","7.401","8076431","257.094","15.112","2.150",98,"173476","29191","29611","52783","-1.7","34.2"
2015,10,921,59,"175.363","16.206","1197.0","10820912","7.401","8076431","257.094","15.112","2.150",98,"173476","29191","29611","52783","-1.7","34.2"
2015,11,1002,60,"175.363","16.206","1197.0","10820912","7.401","8076431","257.094","15.112","2.150",98,"173476","29191","29611","52783","-1.7","34.2"
2015,12,1101,76,"175.363","16.206","1197.0","10820912","7.401","8076431","257.094","15.112","2.150",98,"173476","29191","29611","52783","-1.7","34.2"
2016,1,810,64,"174.448","16.189","1130.9","10775979","7.281","8172948","261.488","18.960","1.978",101,"176592","33192","34831","63971","-0.8","34.3"
2016,2,769,57,"174.448","16.189","1130.9","10775979","7.281","8172948","261.488","18.960","1.978",101,"176592","33192","34831","63971","-0.8","34.3"
2016,3,864,54,"174.448","16.189","1130.9","10775979","7.281","8172948","261.488","18.960","1.978",101,"176592","33192","34831","63971","-0.8","34.3"
2016,4,1043,68,"174.448","16.189","1130.9","10775979","7.281","8172948","261.488","18.960","1.978",101,"176592","33192","34831","63971","-0.8","34.3"
2016,5,997,76,"174.448","16.189","1130.9","10775979","7.281","8172948","261.488","18.960","1.978",101,"176592","33192","34831","63971","-0.8","34.3"
2016,6,1022,69,"174.448","16.189","1130.9","10775979","7.281","8172948","261.488","18.960","1.978",101,"176592","33192","34831","63971","-0.8","34.3"
2016,7,1094,79,"174.448","16.189","1130.9","10775979","7.281","8172948","261.488","18.960","1.978",101,"176592","33192","34831","63971","-0.8","34.3"
2016,8,923,81,"174.448","16.189","1130.9","10775979","7.281","8172948","261.488","18.960","1.978",101,"176592","33192","34831","63971","-0.8","34.3"
2016,9,947,69,"174.448","16.189","1130.9","10775979","7.281","8172948","261.488","18.960","1.978",101,"176592","33192","34831","63971","-0.8","34.3"
2016,10,989,84,"174.448","16.189","1130.9","10775979","7.281","8172948","261.488","18.960","1.978",101,"176592","33192","34831","63971","-0.8","34.3"
2016,11,978,65,"174.448","16.189","1130.9","10775979","7.281","8172948","261.488","18.960","1.978",101,"176592","33192","34831","63971","-0.8","34.3"
2016,12,882,58,"174.448","16.189","1130.9","10775979","7.281","8172948","261.488","18.960","1.978",101,"176592","33192","34831","63971","-0.8","34.3"
2017,1,645,54,"177.378","16.493","1027.0","10754688","7.759","8262896","245.906","12.790","2.086",90,NULL,NULL,NULL,NULL,"1.1","33.4"
2017,2,757,56,"177.378","16.493","1027.0","10754688","7.759","8262896","245.906","12.790","2.086",90,NULL,NULL,NULL,NULL,"1.1","33.4"
2017,3,758,41,"177.378","16.493","1027.0","10754688","7.759","8262896","245.906","12.790","2.086",90,NULL,NULL,NULL,NULL,"1.1","33.4"
2017,4,886,51,"177.378","16.493","1027.0","10754688","7.759","8262896","245.906","12.790","2.086",90,NULL,NULL,NULL,NULL,"1.1","33.4"
2017,5,969,52,"177.378","16.493","1027.0","10754688","7.759","8262896","245.906","12.790","2.086",90,NULL,NULL,NULL,NULL,"1.1","33.4"
2017,6,998,63,"177.378","16.493","1027.0","10754688","7.759","8262896","245.906","12.790","2.086",90,NULL,NULL,NULL,NULL,"1.1","33.4"
2017,7,1050,73,"177.378","16.493","1027.0","10754688","7.759","8262896","245.906","12.790","2.086",90,NULL,NULL,NULL,NULL,"1.1","33.4"
2017,8,923,76,"177.378","16.493","1027.0","10754688","7.759","8262896","245.906","12.790","2.086",90,NULL,NULL,NULL,NULL,"1.1","33.4"
2017,9,1034,78,"177.378","16.493","1027.0","10754688","7.759","8262896","245.906","12.790","2.086",90,NULL,NULL,NULL,NULL,"1.1","33.4"
2017,10,1056,70,"177.378","16.493","1027.0","10754688","7.759","8262896","245.906","12.790","2.086",90,NULL,NULL,NULL,NULL,"1.1","33.4"
2017,11,857,52,"177.378","16.493","1027.0","10754688","7.759","8262896","245.906","12.790","2.086",90,NULL,NULL,NULL,NULL,"1.1","33.4"
2017,12,915,65,"177.378","16.493","1027.0","10754688","7.759","8262896","245.906","12.790","2.086",90,NULL,NULL,NULL,NULL,"1.1","33.4"
2018,1,778,38,"180.616","16.828","915.0","10732887","7.402","8236637","235.568","15.191","2.012",NULL,NULL,NULL,NULL,NULL,"0.6","32.3"
2018,2,684,37,"180.616","16.828","915.0","10732887","7.402","8236637","235.568","15.191","2.012",NULL,NULL,NULL,NULL,NULL,"0.6","32.3"
2018,3,890,69,"180.616","16.828","915.0","10732887","7.402","8236637","235.568","15.191","2.012",NULL,NULL,NULL,NULL,NULL,"0.6","32.3"
2018,4,869,54,"180.616","16.828","915.0","10732887","7.402","8236637","235.568","15.191","2.012",NULL,NULL,NULL,NULL,NULL,"0.6","32.3"
2018,5,866,53,"180.616","16.828","915.0","10732887","7.402","8236637","235.568","15.191","2.012",NULL,NULL,NULL,NULL,NULL,"0.6","32.3"
2018,6,939,49,"180.616","16.828","915.0","10732887","7.402","8236637","235.568","15.191","2.012",NULL,NULL,NULL,NULL,NULL,"0.6","32.3"
2018,7,1016,75,"180.616","16.828","915.0","10732887","7.402","8236637","235.568","15.191","2.012",NULL,NULL,NULL,NULL,NULL,"0.6","32.3"
2018,8,931,70,"180.616","16.828","915.0","10732887","7.402","8236637","235.568","15.191","2.012",NULL,NULL,NULL,NULL,NULL,"0.6","32.3"
2018,9,934,58,"180.616","16.828","915.0","10732887","7.402","8236637","235.568","15.191","2.012",NULL,NULL,NULL,NULL,NULL,"0.6","32.3"
2018,10,1010,63,"180.616","16.828","915.0","10732887","7.402","8236637","235.568","15.191","2.012",NULL,NULL,NULL,NULL,NULL,"0.6","32.3"
2018,11,955,63,"180.616","16.828","915.0","10732887","7.402","8236637","235.568","15.191","2.012",NULL,NULL,NULL,NULL,NULL,"0.6","32.3"
2018,12,865,71,"180.616","16.828","915.0","10732887","7.402","8236637","235.568","15.191","2.012",NULL,NULL,NULL,NULL,NULL,"0.6","32.3"
2019,1,676,44,"185.181","17.272","818.9","10721566","7.696","8402294","240.328","17.891","1.764",NULL,NULL,NULL,NULL,NULL,"0.3","31.0"
2019,2,693,39,"185.181","17.272","818.9","10721566","7.696","8402294","240.328","17.891","1.764",NULL,NULL,NULL,NULL,NULL,"0.3","31.0"
2019,3,839,39,"185.181","17.272","818.9","10721566","7.696","8402294","240.328","17.891","1.764",NULL,NULL,NULL,NULL,NULL,"0.3","31.0"
2019,4,856,50,"185.181","17.272","818.9","10721566","7.696","8402294","240.328","17.891","1.764",NULL,NULL,NULL,NULL,NULL,"0.3","31.0"
2019,5,978,65,"185.181","17.272","818.9","10721566","7.696","8402294","240.328","17.891","1.764",NULL,NULL,NULL,NULL,NULL,"0.3","31.0"
2019,6,1024,74,"185.181","17.272","818.9","10721566","7.696","8402294","240.328","17.891","1.764",NULL,NULL,NULL,NULL,NULL,"0.3","31.0"
2019,7,1073,70,"185.181","17.272","818.9","10721566","7.696","8402294","240.328","17.891","1.764",NULL,NULL,NULL,NULL,NULL,"0.3","31.0"
2019,8,969,80,"185.181","17.272","818.9","10721566","7.696","8402294","240.328","17.891","1.764",NULL,NULL,NULL,NULL,NULL,"0.3","31.0"
2019,9,917,70,"185.181","17.272","818.9","10721566","7.696","8402294","240.328","17.891","1.764",NULL,NULL,NULL,NULL,NULL,"0.3","31.0"
2019,10,1020,63,"185.181","17.272","818.9","10721566","7.696","8402294","240.328","17.891","1.764",NULL,NULL,NULL,NULL,NULL,"0.3","31.0"
2019,11,838,43,"185.181","17.272","818.9","10721566","7.696","8402294","240.328","17.891","1.764",NULL,NULL,NULL,NULL,NULL,"0.3","31.0"
2019,12,829,51,"185.181","17.272","818.9","10721566","7.696","8402294","240.328","17.891","1.764",NULL,NULL,NULL,NULL,NULL,"0.3","31.0"
2020,1,797,50,"167.540","15.660","755.0","10698590","6.818","8530050","193.716","18.126","1.675",NULL,NULL,NULL,NULL,NULL,"-1.2","31.4"
2020,2,853,44,"167.540","15.660","755.0","10698590","6.818","8530050","193.716","18.126","1.675",NULL,NULL,NULL,NULL,NULL,"-1.2","31.4"
2020,3,518,26,"167.540","15.660","755.0","10698590","6.818","8530050","193.716","18.126","1.675",NULL,NULL,NULL,NULL,NULL,"-1.2","31.4"
2020,4,312,23,"167.540","15.660","755.0","10698590","6.818","8530050","193.716","18.126","1.675",NULL,NULL,NULL,NULL,NULL,"-1.2","31.4"
2020,5,738,52,"167.540","15.660","755.0","10698590","6.818","8530050","193.716","18.126","1.675",NULL,NULL,NULL,NULL,NULL,"-1.2","31.4"
2020,6,898,50,"167.540","15.660","755.0","10698590","6.818","8530050","193.716","18.126","1.675",NULL,NULL,NULL,NULL,NULL,"-1.2","31.4"
2020,7,982,57,"167.540","15.660","755.0","10698590","6.818","8530050","193.716","18.126","1.675",NULL,NULL,NULL,NULL,NULL,"-1.2","31.4"
2020,8,878,68,"167.540","15.660","755.0","10698590","6.818","8530050","193.716","18.126","1.675",NULL,NULL,NULL,NULL,NULL,"-1.2","31.4"
2020,9,995,68,"167.540","15.660","755.0","10698590","6.818","8530050","193.716","18.126","1.675",NULL,NULL,NULL,NULL,NULL,"-1.2","31.4"
2020,10,912,65,"167.540","15.660","755.0","10698590","6.818","8530050","193.716","18.126","1.675",NULL,NULL,NULL,NULL,NULL,"-1.2","31.4"
2020,11,651,51,"167.540","15.660","755.0","10698590","6.818","8530050","193.716","18.126","1.675",NULL,NULL,NULL,NULL,NULL,"-1.2","31.4"
2020,12,549,30,"167.540","15.660","755.0","10698590","6.818","8530050","193.716","18.126","1.675",NULL,NULL,NULL,NULL,NULL,"-1.2","31.4"
2021,1,578,37,"184.575","17.347","677.7","10640409","7.701","8698421","188.567","21.036","1.620",NULL,NULL,NULL,NULL,NULL,"1.2","32.4"
2021,2,527,31,"184.575","17.347","677.7","10640409","7.701","8698421","188.567","21.036","1.620",NULL,NULL,NULL,NULL,NULL,"1.2","32.4"
2021,3,627,35,"184.575","17.347","677.7","10640409","7.701","8698421","188.567","21.036","1.620",NULL,NULL,NULL,NULL,NULL,"1.2","32.4"
2021,4,740,36,"184.575","17.347","677.7","10640409","7.701","8698421","188.567","21.036","1.620",NULL,NULL,NULL,NULL,NULL,"1.2","32.4"
2021,5,974,63,"184.575","17.347","677.7","10640409","7.701","8698421","188.567","21.036","1.620",NULL,NULL,NULL,NULL,NULL,"1.2","32.4"
2021,6,984,49,"184.575","17.347","677.7","10640409","7.701","8698421","188.567","21.036","1.620",NULL,NULL,NULL,NULL,NULL,"1.2","32.4"
2021,7,1204,74,"184.575","17.347","677.7","10640409","7.701","8698421","188.567","21.036","1.620",NULL,NULL,NULL,NULL,NULL,"1.2","32.4"
2021,8,1019,69,"184.575","17.347","677.7","10640409","7.701","8698421","188.567","21.036","1.620",NULL,NULL,NULL,NULL,NULL,"1.2","32.4"
2021,9,1049,73,"184.575","17.347","677.7","10640409","7.701","8698421","188.567","21.036","1.620",NULL,NULL,NULL,NULL,NULL,"1.2","32.4"
2021,10,1047,48,"184.575","17.347","677.7","10640409","7.701","8698421","188.567","21.036","1.620",NULL,NULL,NULL,NULL,NULL,"1.2","32.4"
2021,11,898,62,"184.575","17.347","677.7","10640409","7.701","8698421","188.567","21.036","1.620",NULL,NULL,NULL,NULL,NULL,"1.2","32.4"
2021,12,807,47,"184.575","17.347","677.7","10640409","7.701","8698421","188.567","21.036","1.620",NULL,NULL,NULL,NULL,NULL,"1.2","32.4"
2022,1,642,54,"207.854","19.647","588.2","10579183","11.578","8882981","190.691","25.130","1.674",NULL,NULL,NULL,NULL,NULL,"9.6","31.4"
2022,2,708,31,"207.854","19.647","588.2","10579183","11.578","8882981","190.691","25.130","1.674",NULL,NULL,NULL,NULL,NULL,"9.6","31.4"
2022,3,729,32,"207.854","19.647","588.2","10579183","11.578","8882981","190.691","25.130","1.674",NULL,NULL,NULL,NULL,NULL,"9.6","31.4"
2022,4,946,59,"207.854","19.647","588.2","10579183","11.578","8882981","190.691","25.130","1.674",NULL,NULL,NULL,NULL,NULL,"9.6","31.4"
2022,5,941,54,"207.854","19.647","588.2","10579183","11.578","8882981","190.691","25.130","1.674",NULL,NULL,NULL,NULL,NULL,"9.6","31.4"
2022,6,1009,58,"207.854","19.647","588.2","10579183","11.578","8882981","190.691","25.130","1.674",NULL,NULL,NULL,NULL,NULL,"9.6","31.4"
2022,7,923,68,"207.854","19.647","588.2","10579183","11.578","8882981","190.691","25.130","1.674",NULL,NULL,NULL,NULL,NULL,"9.6","31.4"
2022,8,793,54,"207.854","19.647","588.2","10579183","11.578","8882981","190.691","25.130","1.674",NULL,NULL,NULL,NULL,NULL,"9.6","31.4"
2022,9,991,63,"207.854","19.647","588.2","10579183","11.578","8882981","190.691","25.130","1.674",NULL,NULL,NULL,NULL,NULL,"9.6","31.4"
2022,10,1025,73,"207.854","19.647","588.2","10579183","11.578","8882981","190.691","25.130","1.674",NULL,NULL,NULL,NULL,NULL,"9.6","31.4"
2022,11,913,54,"207.854","19.647","588.2","10579183","11.578","8882981","190.691","25.130","1.674",NULL,NULL,NULL,NULL,NULL,"9.6","31.4"
2022,12,867,54,"207.854","19.647","588.2","10579183","11.578","8882981","190.691","25.130","1.674",NULL,NULL,NULL,NULL,NULL,"9.6","31.4"
