"year","month","week","accidents","fatalities"
1996,1,1,313,41
1996,1,2,322,32
1996,1,3,299,29
1996,1,4,327,32
1996,1,5,160,12
1996,1,6,NULL,NULL
1996,2,1,154,15
1996,2,2,326,32
1996,2,3,346,32
1996,2,4,386,34
1996,2,5,256,28
1996,2,6,NULL,NULL
1996,3,1,95,16
1996,3,2,328,32
1996,3,3,353,19
1996,3,4,316,26
1996,3,5,365,19
1996,3,6,55,4
1996,4,1,422,25
1996,4,2,481,47
1996,4,3,362,39
1996,4,4,409,28
1996,4,5,196,18
1996,4,6,NULL,NULL
1996,5,1,312,25
1996,5,2,512,45
1996,5,3,456,28
1996,5,4,539,36
1996,5,5,380,24
1996,5,6,NULL,NULL
1996,6,1,75,4
1996,6,2,579,46
1996,6,3,568,41
1996,6,4,535,38
1996,6,5,534,47
1996,6,6,75,10
1996,7,1,532,49
1996,7,2,597,45
1996,7,3,547,54
1996,7,4,516,43
1996,7,5,292,27
1996,7,6,NULL,NULL
1996,8,1,254,40
1996,8,2,597,60
1996,8,3,510,58
1996,8,4,495,72
1996,8,5,524,62
1996,8,6,NULL,NULL
1996,9,1,534,52
1996,9,2,526,42
1996,9,3,536,48
1996,9,4,510,46
1996,9,5,134,17
1996,9,6,NULL,NULL
1996,10,1,342,22
1996,10,2,483,39
1996,10,3,476,41
1996,10,4,481,49
1996,10,5,342,38
1996,10,6,NULL,NULL
1996,11,1,131,5
1996,11,2,455,44
1996,11,3,445,47
1996,11,4,449,34
1996,11,5,450,41
1996,11,6,NULL,NULL
1996,12,1,377,36
1996,12,2,398,36
1996,12,3,441,36
1996,12,4,418,58
1996,12,5,147,12
1996,12,6,NULL,NULL
1997,1,1,176,19
1997,1,2,347,31
1997,1,3,352,27
1997,1,4,413,36
1997,1,5,337,24
1997,1,6,NULL,NULL
1997,2,1,67,6
1997,2,2,387,20
1997,2,3,408,36
1997,2,4,405,39
1997,2,5,338,22
1997,2,6,NULL,NULL
1997,3,1,45,2
1997,3,2,437,40
1997,3,3,434,32
1997,3,4,376,20
1997,3,5,412,37
1997,3,6,127,7
1997,4,1,288,14
1997,4,2,393,39
1997,4,3,427,37
1997,4,4,443,61
1997,4,5,259,37
1997,4,6,NULL,NULL
1997,5,1,124,11
1997,5,2,392,33
1997,5,3,463,36
1997,5,4,522,38
1997,5,5,502,42
1997,5,6,NULL,NULL
1997,6,1,614,59
1997,6,2,502,29
1997,6,3,526,51
1997,6,4,573,50
1997,6,5,163,10
1997,6,6,NULL,NULL
1997,7,1,462,39
1997,7,2,616,69
1997,7,3,641,39
1997,7,4,621,78
1997,7,5,436,29
1997,7,6,NULL,NULL
1997,8,1,192,13
1997,8,2,579,60
1997,8,3,553,59
1997,8,4,512,31
1997,8,5,497,57
1997,8,6,75,8
1997,9,1,431,28
1997,9,2,523,47
1997,9,3,449,43
1997,9,4,461,37
1997,9,5,183,17
1997,9,6,NULL,NULL
1997,10,1,252,22
1997,10,2,510,56
1997,10,3,520,53
1997,10,4,491,48
1997,10,5,357,25
1997,10,6,NULL,NULL
1997,11,1,67,7
1997,11,2,416,35
1997,11,3,527,46
1997,11,4,397,32
1997,11,5,405,40
1997,11,6,57,6
1997,12,1,368,27
1997,12,2,410,35
1997,12,3,388,26
1997,12,4,435,32
1997,12,5,212,16
1997,12,6,NULL,NULL
1998,1,1,163,16
1998,1,2,387,41
1998,1,3,410,25
1998,1,4,379,43
1998,1,5,367,31
1998,1,6,NULL,NULL
1998,2,1,418,51
1998,2,2,365,29
1998,2,3,415,36
1998,2,4,417,31
1998,2,5,NULL,NULL
1998,2,6,NULL,NULL
1998,3,1,434,41
1998,3,2,371,27
1998,3,3,384,30
1998,3,4,328,27
1998,3,5,155,12
1998,3,6,NULL,NULL
1998,4,1,311,15
1998,4,2,419,23
1998,4,3,438,46
1998,4,4,410,54
1998,4,5,317,25
1998,4,6,NULL,NULL
1998,5,1,144,11
1998,5,2,467,38
1998,5,3,441,46
1998,5,4,494,37
1998,5,5,481,30
1998,5,6,71,8
1998,6,1,611,30
1998,6,2,526,46
1998,6,3,565,54
1998,6,4,512,42
1998,6,5,245,16
1998,6,6,NULL,NULL
1998,7,1,366,38
1998,7,2,623,39
1998,7,3,628,47
1998,7,4,609,70
1998,7,5,512,48
1998,7,6,NULL,NULL
1998,8,1,114,14
1998,8,2,699,72
1998,8,3,587,53
1998,8,4,555,77
1998,8,5,495,48
1998,8,6,129,11
1998,9,1,366,33
1998,9,2,533,52
1998,9,3,577,47
1998,9,4,455,45
1998,9,5,279,27
1998,9,6,NULL,NULL
1998,10,1,236,21
1998,10,2,606,50
1998,10,3,447,44
1998,10,4,507,39
1998,10,5,507,45
1998,10,6,NULL,NULL
1998,11,1,459,24
1998,11,2,436,29
1998,11,3,438,42
1998,11,4,369,32
1998,11,5,99,10
1998,11,6,NULL,NULL
1998,12,1,256,24
1998,12,2,430,49
1998,12,3,378,29
1998,12,4,434,39
1998,12,5,245,23
1998,12,6,NULL,NULL
1999,1,1,88,6
1999,1,2,363,28
1999,1,3,461,38
1999,1,4,443,39
1999,1,5,406,26
1999,1,6,48,5
1999,2,1,308,27
1999,2,2,375,26
1999,2,3,399,35
1999,2,4,376,29
1999,2,5,70,9
1999,2,6,NULL,NULL
1999,3,1,375,32
1999,3,2,456,39
1999,3,3,350,37
1999,3,4,336,22
1999,3,5,170,16
1999,3,6,NULL,NULL
1999,4,1,208,16
1999,4,2,472,42
1999,4,3,455,48
1999,4,4,453,41
1999,4,5,432,49
1999,4,6,NULL,NULL
1999,5,1,83,4
1999,5,2,480,28
1999,5,3,478,41
1999,5,4,487,53
1999,5,5,448,33
1999,5,6,122,8
1999,6,1,341,26
1999,6,2,499,44
1999,6,3,569,51
1999,6,4,552,41
1999,6,5,298,27
1999,6,6,NULL,NULL
1999,7,1,237,24
1999,7,2,547,54
1999,7,3,550,47
1999,7,4,560,57
1999,7,5,596,55
1999,7,6,NULL,NULL
1999,8,1,540,46
1999,8,2,590,70
1999,8,3,532,50
1999,8,4,521,48
1999,8,5,226,19
1999,8,6,NULL,NULL
1999,9,1,316,29
1999,9,2,469,30
1999,9,3,490,37
1999,9,4,480,34
1999,9,5,358,25
1999,9,6,NULL,NULL
1999,10,1,154,13
1999,10,2,501,47
1999,10,3,500,44
1999,10,4,401,47
1999,10,5,449,33
1999,10,6,55,5
1999,11,1,400,34
1999,11,2,443,31
1999,11,3,398,35
1999,11,4,424,37
1999,11,5,193,21
1999,11,6,NULL,NULL
1999,12,1,310,26
1999,12,2,458,49
1999,12,3,388,46
1999,12,4,405,25
1999,12,5,339,32
1999,12,6,NULL,NULL
2000,1,1,55,7
2000,1,2,346,32
2000,1,3,306,19
2000,1,4,369,29
2000,1,5,389,21
2000,1,6,116,16
2000,2,1,294,23
2000,2,2,429,46
2000,2,3,390,26
2000,2,4,318,32
2000,2,5,138,15
2000,2,6,NULL,NULL
2000,3,1,254,14
2000,3,2,440,38
2000,3,3,406,40
2000,3,4,355,17
2000,3,5,337,29
2000,3,6,NULL,NULL
2000,4,1,48,5
2000,4,2,469,38
2000,4,3,423,47
2000,4,4,431,40
2000,4,5,430,42
2000,4,6,71,8
2000,5,1,383,49
2000,5,2,433,38
2000,5,3,487,37
2000,5,4,454,25
2000,5,5,278,13
2000,5,6,NULL,NULL
2000,6,1,236,20
2000,6,2,555,43
2000,6,3,568,39
2000,6,4,520,38
2000,6,5,414,45
2000,6,6,NULL,NULL
2000,7,1,87,7
2000,7,2,562,40
2000,7,3,568,40
2000,7,4,494,42
2000,7,5,511,56
2000,7,6,154,16
2000,8,1,384,34
2000,8,2,546,55
2000,8,3,499,64
2000,8,4,467,53
2000,8,5,328,38
2000,8,6,NULL,NULL
2000,9,1,142,22
2000,9,2,499,35
2000,9,3,452,43
2000,9,4,445,39
2000,9,5,423,35
2000,9,6,NULL,NULL
2000,10,1,435,40
2000,10,2,377,31
2000,10,3,437,45
2000,10,4,399,40
2000,10,5,140,8
2000,10,6,NULL,NULL
2000,11,1,263,22
2000,11,2,417,40
2000,11,3,446,38
2000,11,4,402,42
2000,11,5,232,25
2000,11,6,NULL,NULL
2000,12,1,99,9
2000,12,2,380,41
2000,12,3,469,36
2000,12,4,447,41
2000,12,5,315,19
2000,12,6,40,10
2001,1,1,325,35
2001,1,2,407,46
2001,1,3,304,21
2001,1,4,338,28
2001,1,5,115,9
2001,1,6,NULL,NULL
2001,2,1,237,27
2001,2,2,360,35
2001,2,3,350,26
2001,2,4,368,50
2001,2,5,181,17
2001,2,6,NULL,NULL
2001,3,1,221,20
2001,3,2,402,25
2001,3,3,361,22
2001,3,4,411,22
2001,3,5,373,37
2001,3,6,NULL,NULL
2001,4,1,53,15
2001,4,2,379,33
2001,4,3,328,35
2001,4,4,331,31
2001,4,5,403,33
2001,4,6,65,5
2001,5,1,390,38
2001,5,2,369,18
2001,5,3,399,45
2001,5,4,377,26
2001,5,5,218,12
2001,5,6,NULL,NULL
2001,6,1,203,22
2001,6,2,401,32
2001,6,3,462,29
2001,6,4,390,29
2001,6,5,330,41
2001,6,6,NULL,NULL
2001,7,1,57,7
2001,7,2,429,44
2001,7,3,437,46
2001,7,4,413,41
2001,7,5,432,37
2001,7,6,132,13
2001,8,1,317,40
2001,8,2,424,44
2001,8,3,371,48
2001,8,4,357,46
2001,8,5,269,22
2001,8,6,NULL,NULL
2001,9,1,123,20
2001,9,2,423,38
2001,9,3,396,40
2001,9,4,416,54
2001,9,5,376,34
2001,9,6,NULL,NULL
2001,10,1,402,35
2001,10,2,464,50
2001,10,3,388,41
2001,10,4,378,38
2001,10,5,118,10
2001,10,6,NULL,NULL
2001,11,1,195,17
2001,11,2,317,33
2001,11,3,317,34
2001,11,4,347,40
2001,11,5,255,28
2001,11,6,NULL,NULL
2001,12,1,85,10
2001,12,2,315,36
2001,12,3,344,25
2001,12,4,242,19
2001,12,5,248,25
2001,12,6,33,1
2002,1,1,165,24
2002,1,2,257,18
2002,1,3,277,31
2002,1,4,270,13
2002,1,5,148,11
2002,1,6,NULL,NULL
2002,2,1,178,14
2002,2,2,320,22
2002,2,3,323,21
2002,2,4,313,30
2002,2,5,143,10
2002,2,6,NULL,NULL
2002,3,1,220,24
2002,3,2,360,24
2002,3,3,296,23
2002,3,4,321,36
2002,3,5,252,18
2002,3,6,NULL,NULL
2002,4,1,49,4
2002,4,2,290,26
2002,4,3,287,28
2002,4,4,334,24
2002,4,5,310,24
2002,4,6,52,3
2002,5,1,301,49
2002,5,2,308,23
2002,5,3,368,28
2002,5,4,346,38
2002,5,5,184,18
2002,5,6,NULL,NULL
2002,6,1,129,18
2002,6,2,408,38
2002,6,3,379,32
2002,6,4,390,45
2002,6,5,312,42
2002,6,6,NULL,NULL
2002,7,1,56,5
2002,7,2,411,47
2002,7,3,389,52
2002,7,4,359,54
2002,7,5,364,35
2002,7,6,84,5
2002,8,1,280,33
2002,8,2,338,38
2002,8,3,280,33
2002,8,4,302,35
2002,8,5,221,18
2002,8,6,NULL,NULL
2002,9,1,81,14
2002,9,2,301,30
2002,9,3,335,32
2002,9,4,358,32
2002,9,5,336,33
2002,9,6,NULL,NULL
2002,10,1,333,28
2002,10,2,346,32
2002,10,3,317,26
2002,10,4,350,37
2002,10,5,154,10
2002,10,6,NULL,NULL
2002,11,1,169,20
2002,11,2,281,16
2002,11,3,299,30
2002,11,4,337,29
2002,11,5,240,22
2002,11,6,NULL,NULL
2002,12,1,79,10
2002,12,2,243,24
2002,12,3,281,32
2002,12,4,317,31
2002,12,5,242,29
2002,12,6,36,3
2003,1,1,232,35
2003,1,2,293,28
2003,1,3,289,26
2003,1,4,281,16
2003,1,5,102,6
2003,1,6,NULL,NULL
2003,2,1,152,16
2003,2,2,243,33
2003,2,3,221,18
2003,2,4,224,42
2003,2,5,112,10
2003,2,6,NULL,NULL
2003,3,1,149,15
2003,3,2,240,26
2003,3,3,228,25
2003,3,4,240,33
2003,3,5,203,16
2003,3,6,NULL,NULL
2003,4,1,36,1
2003,4,2,282,25
2003,4,3,267,41
2003,4,4,270,25
2003,4,5,272,24
2003,4,6,34,3
2003,5,1,256,22
2003,5,2,375,33
2003,5,3,361,28
2003,5,4,296,29
2003,5,5,160,10
2003,5,6,NULL,NULL
2003,6,1,120,12
2003,6,2,353,33
2003,6,3,350,34
2003,6,4,319,31
2003,6,5,307,29
2003,6,6,NULL,NULL
2003,7,1,56,5
2003,7,2,389,48
2003,7,3,377,33
2003,7,4,373,38
2003,7,5,397,40
2003,7,6,117,17
2003,8,1,245,33
2003,8,2,439,59
2003,8,3,284,31
2003,8,4,290,16
2003,8,5,218,22
2003,8,6,NULL,NULL
2003,9,1,119,15
2003,9,2,302,38
2003,9,3,316,33
2003,9,4,307,26
2003,9,5,336,41
2003,9,6,NULL,NULL
2003,10,1,356,24
2003,10,2,371,37
2003,10,3,301,36
2003,10,4,314,24
2003,10,5,117,11
2003,10,6,NULL,NULL
2003,11,1,173,19
2003,11,2,298,27
2003,11,3,273,25
2003,11,4,324,29
2003,11,5,220,32
2003,11,6,NULL,NULL
2003,12,1,77,9
2003,12,2,318,30
2003,12,3,276,19
2003,12,4,282,28
2003,12,5,183,29
2003,12,6,36,6
2004,1,1,200,20
2004,1,2,234,28
2004,1,3,289,36
2004,1,4,185,17
2004,1,5,102,10
2004,1,6,NULL,NULL
2004,2,1,144,19
2004,2,2,284,31
2004,2,3,198,11
2004,2,4,251,37
2004,2,5,162,16
2004,2,6,NULL,NULL
2004,3,1,132,16
2004,3,2,224,28
2004,3,3,240,20
2004,3,4,291,30
2004,3,5,277,28
2004,3,6,NULL,NULL
2004,4,1,311,38
2004,4,2,259,34
2004,4,3,277,34
2004,4,4,282,23
2004,4,5,85,8
2004,4,6,NULL,NULL
2004,5,1,248,25
2004,5,2,313,42
2004,5,3,283,27
2004,5,4,336,27
2004,5,5,243,23
2004,5,6,NULL,NULL
2004,6,1,84,9
2004,6,2,334,34
2004,6,3,368,41
2004,6,4,325,33
2004,6,5,342,32
2004,6,6,NULL,NULL
2004,7,1,327,39
2004,7,2,358,48
2004,7,3,336,29
2004,7,4,303,25
2004,7,5,154,17
2004,7,6,NULL,NULL
2004,8,1,199,20
2004,8,2,334,49
2004,8,3,331,39
2004,8,4,346,44
2004,8,5,281,31
2004,8,6,NULL,NULL
2004,9,1,41,8
2004,9,2,310,33
2004,9,3,327,55
2004,9,4,317,30
2004,9,5,299,32
2004,9,6,45,6
2004,10,1,270,35
2004,10,2,306,25
2004,10,3,259,25
2004,10,4,298,34
2004,10,5,141,18
2004,10,6,NULL,NULL
2004,11,1,97,3
2004,11,2,285,30
2004,11,3,307,34
2004,11,4,309,23
2004,11,5,270,24
2004,11,6,NULL,NULL
2004,12,1,47,6
2004,12,2,350,36
2004,12,3,349,34
2004,12,4,320,31
2004,12,5,247,26
2004,12,6,81,4
2005,1,1,234,28
2005,1,2,277,34
2005,1,3,261,21
2005,1,4,267,20
2005,1,5,86,13
2005,1,6,NULL,NULL
2005,2,1,133,13
2005,2,2,232,29
2005,2,3,284,30
2005,2,4,277,17
2005,2,5,105,17
2005,2,6,NULL,NULL
2005,3,1,198,16
2005,3,2,275,27
2005,3,3,304,27
2005,3,4,310,24
2005,3,5,234,24
2005,3,6,NULL,NULL
2005,4,1,52,5
2005,4,2,345,13
2005,4,3,368,26
2005,4,4,349,30
2005,4,5,365,20
2005,4,6,41,4
2005,5,1,293,25
2005,5,2,359,25
2005,5,3,397,38
2005,5,4,365,36
2005,5,5,176,18
2005,5,6,NULL,NULL
2005,6,1,147,18
2005,6,2,397,49
2005,6,3,391,33
2005,6,4,416,38
2005,6,5,354,35
2005,6,6,NULL,NULL
2005,7,1,55,2
2005,7,2,355,36
2005,7,3,416,50
2005,7,4,370,38
2005,7,5,383,39
2005,7,6,95,5
2005,8,1,279,31
2005,8,2,322,47
2005,8,3,302,44
2005,8,4,319,29
2005,8,5,223,26
2005,8,6,NULL,NULL
2005,9,1,104,8
2005,9,2,360,34
2005,9,3,340,32
2005,9,4,332,32
2005,9,5,314,29
2005,9,6,NULL,NULL
2005,10,1,332,24
2005,10,2,329,28
2005,10,3,343,28
2005,10,4,342,47
2005,10,5,132,15
2005,10,6,NULL,NULL
2005,11,1,184,17
2005,11,2,337,35
2005,11,3,309,27
2005,11,4,234,29
2005,11,5,195,27
2005,11,6,NULL,NULL
2005,12,1,67,5
2005,12,2,327,36
2005,12,3,303,27
2005,12,4,321,22
2005,12,5,257,46
2005,12,6,41,10
2006,1,1,236,18
2006,1,2,215,19
2006,1,3,275,27
2006,1,4,193,20
2006,1,5,97,21
2006,1,6,NULL,NULL
2006,2,1,158,17
2006,2,2,263,28
2006,2,3,267,22
2006,2,4,277,25
2006,2,5,113,12
2006,2,6,NULL,NULL
2006,3,1,191,17
2006,3,2,247,30
2006,3,3,259,32
2006,3,4,284,17
2006,3,5,242,22
2006,3,6,NULL,NULL
2006,4,1,61,4
2006,4,2,329,40
2006,4,3,338,24
2006,4,4,333,34
2006,4,5,239,26
2006,4,6,35,6
2006,5,1,246,24
2006,5,2,293,25
2006,5,3,350,26
2006,5,4,331,34
2006,5,5,220,10
2006,5,6,NULL,NULL
2006,6,1,149,19
2006,6,2,364,36
2006,6,3,316,36
2006,6,4,358,43
2006,6,5,305,33
2006,6,6,NULL,NULL
2006,7,1,41,7
2006,7,2,366,43
2006,7,3,354,29
2006,7,4,377,40
2006,7,5,319,49
2006,7,6,110,9
2006,8,1,270,24
2006,8,2,366,43
2006,8,3,275,33
2006,8,4,335,34
2006,8,5,239,34
2006,8,6,NULL,NULL
2006,9,1,129,10
2006,9,2,366,48
2006,9,3,311,48
2006,9,4,301,36
2006,9,5,294,28
2006,9,6,NULL,NULL
2006,10,1,350,31
2006,10,2,277,29
2006,10,3,300,32
2006,10,4,342,27
2006,10,5,117,11
2006,10,6,NULL,NULL
2006,11,1,171,15
2006,11,2,344,25
2006,11,3,323,37
2006,11,4,290,20
2006,11,5,236,20
2006,11,6,NULL,NULL
2006,12,1,107,11
2006,12,2,298,32
2006,12,3,274,33
2006,12,4,306,37
2006,12,5,209,28
2006,12,6,38,7
2007,1,1,233,34
2007,1,2,266,21
2007,1,3,311,30
2007,1,4,293,29
2007,1,5,131,12
2007,1,6,NULL,NULL
2007,2,1,173,18
2007,2,2,270,23
2007,2,3,242,30
2007,2,4,239,23
2007,2,5,118,11
2007,2,6,NULL,NULL
2007,3,1,182,18
2007,3,2,289,31
2007,3,3,323,40
2007,3,4,298,18
2007,3,5,219,26
2007,3,6,NULL,NULL
2007,4,1,34,7
2007,4,2,296,36
2007,4,3,273,28
2007,4,4,327,34
2007,4,5,327,31
2007,4,6,34,1
2007,5,1,253,24
2007,5,2,338,33
2007,5,3,317,26
2007,5,4,287,31
2007,5,5,183,14
2007,5,6,NULL,NULL
2007,6,1,159,13
2007,6,2,295,22
2007,6,3,314,25
2007,6,4,287,23
2007,6,5,296,25
2007,6,6,NULL,NULL
2007,7,1,44,7
2007,7,2,346,42
2007,7,3,378,31
2007,7,4,350,38
2007,7,5,361,45
2007,7,6,82,7
2007,8,1,252,33
2007,8,2,286,34
2007,8,3,251,34
2007,8,4,274,24
2007,8,5,204,18
2007,8,6,NULL,NULL
2007,9,1,82,10
2007,9,2,314,28
2007,9,3,345,48
2007,9,4,307,30
2007,9,5,298,30
2007,9,6,NULL,NULL
2007,10,1,346,37
2007,10,2,295,30
2007,10,3,329,35
2007,10,4,291,30
2007,10,5,87,13
2007,10,6,NULL,NULL
2007,11,1,167,19
2007,11,2,285,25
2007,11,3,303,40
2007,11,4,261,29
2007,11,5,192,12
2007,11,6,NULL,NULL
2007,12,1,90,14
2007,12,2,280,36
2007,12,3,268,26
2007,12,4,269,39
2007,12,5,223,27
2007,12,6,32,4
2008,1,1,182,29
2008,1,2,239,20
2008,1,3,208,30
2008,1,4,239,16
2008,1,5,97,9
2008,1,6,NULL,NULL
2008,2,1,173,23
2008,2,2,249,26
2008,2,3,184,12
2008,2,4,217,21
2008,2,5,135,10
2008,2,6,NULL,NULL
2008,3,1,139,13
2008,3,2,260,27
2008,3,3,228,20
2008,3,4,253,35
2008,3,5,208,25
2008,3,6,NULL,NULL
2008,4,1,273,25
2008,4,2,282,32
2008,4,3,313,31
2008,4,4,274,31
2008,4,5,61,8
2008,4,6,NULL,NULL
2008,5,1,212,31
2008,5,2,296,20
2008,5,3,298,28
2008,5,4,315,20
2008,5,5,244,17
2008,5,6,NULL,NULL
2008,6,1,117,12
2008,6,2,318,36
2008,6,3,358,32
2008,6,4,355,41
2008,6,5,363,31
2008,6,6,NULL,NULL
2008,7,1,371,39
2008,7,2,355,28
2008,7,3,307,25
2008,7,4,314,38
2008,7,5,157,20
2008,7,6,NULL,NULL
2008,8,1,196,30
2008,8,2,321,54
2008,8,3,264,49
2008,8,4,287,40
2008,8,5,260,34
2008,8,6,NULL,NULL
2008,9,1,50,4
2008,9,2,332,39
2008,9,3,341,35
2008,9,4,292,21
2008,9,5,271,31
2008,9,6,43,2
2008,10,1,290,22
2008,10,2,362,38
2008,10,3,321,36
2008,10,4,333,34
2008,10,5,146,10
2008,10,6,NULL,NULL
2008,11,1,139,14
2008,11,2,309,22
2008,11,3,306,28
2008,11,4,259,14
2008,11,5,250,31
2008,11,6,NULL,NULL
2008,12,1,27,1
2008,12,2,275,19
2008,12,3,242,28
2008,12,4,264,17
2008,12,5,252,35
2008,12,6,57,4
2009,1,1,203,32
2009,1,2,243,21
2009,1,3,249,21
2009,1,4,235,18
2009,1,5,107,6
2009,1,6,NULL,NULL
2009,2,1,140,16
2009,2,2,289,25
2009,2,3,274,22
2009,2,4,241,28
2009,2,5,124,17
2009,2,6,NULL,NULL
2009,3,1,153,17
2009,3,2,283,20
2009,3,3,276,15
2009,3,4,282,25
2009,3,5,212,30
2009,3,6,NULL,NULL
2009,4,1,40,1
2009,4,2,286,20
2009,4,3,290,24
2009,4,4,258,27
2009,4,5,293,39
2009,4,6,49,3
2009,5,1,247,18
2009,5,2,313,19
2009,5,3,283,23
2009,5,4,341,43
2009,5,5,197,17
2009,5,6,NULL,NULL
2009,6,1,128,8
2009,6,2,366,41
2009,6,3,343,31
2009,6,4,291,33
2009,6,5,279,27
2009,6,6,NULL,NULL
2009,7,1,57,6
2009,7,2,319,25
2009,7,3,333,41
2009,7,4,363,37
2009,7,5,343,28
2009,7,6,95,7
2009,8,1,243,25
2009,8,2,294,34
2009,8,3,247,31
2009,8,4,285,28
2009,8,5,187,19
2009,8,6,NULL,NULL
2009,9,1,95,5
2009,9,2,291,40
2009,9,3,269,29
2009,9,4,266,35
2009,9,5,281,32
2009,9,6,NULL,NULL
2009,10,1,314,46
2009,10,2,327,39
2009,10,3,254,33
2009,10,4,242,24
2009,10,5,103,12
2009,10,6,NULL,NULL
2009,11,1,116,9
2009,11,2,278,31
2009,11,3,266,18
2009,11,4,295,16
2009,11,5,206,20
2009,11,6,NULL,NULL
2009,12,1,75,6
2009,12,2,261,29
2009,12,3,238,26
2009,12,4,264,15
2009,12,5,231,22
2009,12,6,36,1
2010,1,1,236,21
2010,1,2,249,14
2010,1,3,260,21
2010,1,4,220,18
2010,1,5,117,11
2010,1,6,NULL,NULL
2010,2,1,193,16
2010,2,2,273,20
2010,2,3,246,19
2010,2,4,291,22
2010,2,5,127,2
2010,2,6,NULL,NULL
2010,3,1,186,15
2010,3,2,280,24
2010,3,3,275,18
2010,3,4,288,25
2010,3,5,270,21
2010,3,6,NULL,NULL
2010,4,1,49,29
2010,4,2,271,18
2010,4,3,288,25
2010,4,4,295,17
2010,4,5,319,7
2010,4,6,57,NULL
2010,5,1,259,15
2010,5,2,368,31
2010,5,3,305,25
2010,5,4,318,21
2010,5,5,174,8
2010,5,6,NULL,NULL
2010,6,1,139,10
2010,6,2,316,16
2010,6,3,333,30
2010,6,4,312,24
2010,6,5,280,28
2010,6,6,NULL,NULL
2010,7,1,55,4
2010,7,2,325,22
2010,7,3,300,22
2010,7,4,326,27
2010,7,5,289,24
2010,7,6,89,6
2010,8,1,198,13
2010,8,2,328,36
2010,8,3,301,34
2010,8,4,282,36
2010,8,5,206,30
2010,8,6,NULL,NULL
2010,9,1,98,12
2010,9,2,319,29
2010,9,3,292,18
2010,9,4,275,25
2010,9,5,260,33
2010,9,6,NULL,NULL
2010,10,1,316,38
2010,10,2,250,26
2010,10,3,222,34
2010,10,4,276,20
2010,10,5,110,5
2010,10,6,NULL,NULL
2010,11,1,158,12
2010,11,2,292,26
2010,11,3,259,17
2010,11,4,254,14
2010,11,5,174,19
2010,11,6,NULL,NULL
2010,12,1,79,5
2010,12,2,281,21
2010,12,3,274,22
2010,12,4,279,25
2010,12,5,235,31
2010,12,6,36,1
2011,1,1,203,17
2011,1,2,218,16
2011,1,3,246,16
2011,1,4,210,13
2011,1,5,87,5
2011,1,6,NULL,NULL
2011,2,1,133,8
2011,2,2,282,27
2011,2,3,232,18
2011,2,4,215,12
2011,2,5,81,5
2011,2,6,NULL,NULL
2011,3,1,126,9
2011,3,2,172,17
2011,3,3,240,19
2011,3,4,225,24
2011,3,5,202,16
2011,3,6,NULL,NULL
2011,4,1,30,2
2011,4,2,270,17
2011,4,3,333,25
2011,4,4,263,24
2011,4,5,224,17
2011,4,6,32,NULL
2011,5,1,233,15
2011,5,2,256,20
2011,5,3,279,15
2011,5,4,241,12
2011,5,5,175,9
2011,5,6,NULL,NULL
2011,6,1,138,15
2011,6,2,326,26
2011,6,3,331,17
2011,6,4,302,23
2011,6,5,266,25
2011,6,6,NULL,NULL
2011,7,1,43,30
2011,7,2,314,27
2011,7,3,325,32
2011,7,4,334,31
2011,7,5,286,10
2011,7,6,80,NULL
2011,8,1,233,22
2011,8,2,307,32
2011,8,3,224,20
2011,8,4,268,22
2011,8,5,203,23
2011,8,6,NULL,NULL
2011,9,1,93,11
2011,9,2,281,25
2011,9,3,295,30
2011,9,4,282,29
2011,9,5,265,17
2011,9,6,NULL,NULL
2011,10,1,311,28
2011,10,2,245,25
2011,10,3,256,20
2011,10,4,250,23
2011,10,5,104,10
2011,10,6,NULL,NULL
2011,11,1,151,9
2011,11,2,262,28
2011,11,3,262,16
2011,11,4,280,29
2011,11,5,169,11
2011,11,6,NULL,NULL
2011,12,1,107,12
2011,12,2,283,24
2011,12,3,280,18
2011,12,4,266,20
2011,12,5,193,18
2011,12,6,26,5
2012,1,1,209,13
2012,1,2,204,15
2012,1,3,206,18
2012,1,4,188,29
2012,1,5,72,NULL
2012,1,6,NULL,NULL
2012,2,1,108,5
2012,2,2,139,9
2012,2,3,173,16
2012,2,4,191,25
2012,2,5,94,5
2012,2,6,NULL,NULL
2012,3,1,105,5
2012,3,2,210,8
2012,3,3,194,22
2012,3,4,224,12
2012,3,5,250,24
2012,3,6,NULL,NULL
2012,4,1,262,23
2012,4,2,231,17
2012,4,3,199,15
2012,4,4,266,14
2012,4,5,78,1
2012,4,6,NULL,NULL
2012,5,1,185,14
2012,5,2,242,24
2012,5,3,204,15
2012,5,4,250,16
2012,5,5,167,13
2012,5,6,NULL,NULL
2012,6,1,87,7
2012,6,2,235,15
2012,6,3,295,19
2012,6,4,305,24
2012,6,5,281,18
2012,6,6,NULL,NULL
2012,7,1,299,15
2012,7,2,264,19
2012,7,3,307,37
2012,7,4,269,22
2012,7,5,111,12
2012,7,6,NULL,NULL
2012,8,1,140,9
2012,8,2,240,24
2012,8,3,215,20
2012,8,4,245,30
2012,8,5,214,12
2012,8,6,NULL,NULL
2012,9,1,43,4
2012,9,2,241,24
2012,9,3,275,32
2012,9,4,232,8
2012,9,5,280,24
2012,9,6,34,2
2012,10,1,256,20
2012,10,2,261,20
2012,10,3,250,21
2012,10,4,267,25
2012,10,5,128,10
2012,10,6,NULL,NULL
2012,11,1,107,10
2012,11,2,257,18
2012,11,3,221,17
2012,11,4,209,18
2012,11,5,212,16
2012,11,6,NULL,NULL
2012,12,1,27,3
2012,12,2,246,15
2012,12,3,237,17
2012,12,4,227,22
2012,12,5,192,20
2012,12,6,38,1
2013,1,1,167,22
2013,1,2,209,11
2013,1,3,182,19
2013,1,4,217,14
2013,1,5,86,3
2013,1,6,NULL,NULL
2013,2,1,123,11
2013,2,2,222,16
2013,2,3,170,12
2013,2,4,191,10
2013,2,5,94,6
2013,2,6,NULL,NULL
2013,3,1,131,4
2013,3,2,226,7
2013,3,3,211,14
2013,3,4,206,14
2013,3,5,174,16
2013,3,6,NULL,NULL
2013,4,1,37,1
2013,4,2,237,17
2013,4,3,224,19
2013,4,4,247,21
2013,4,5,238,12
2013,4,6,48,NULL
2013,5,1,194,6
2013,5,2,205,18
2013,5,3,238,11
2013,5,4,276,17
2013,5,5,145,3
2013,5,6,NULL,NULL
2013,6,1,106,6
2013,6,2,300,22
2013,6,3,239,12
2013,6,4,247,26
2013,6,5,185,13
2013,6,6,NULL,NULL
2013,7,1,57,3
2013,7,2,254,15
2013,7,3,265,26
2013,7,4,249,15
2013,7,5,251,21
2013,7,6,71,5
2013,8,1,185,24
2013,8,2,282,26
2013,8,3,215,27
2013,8,4,193,24
2013,8,5,177,18
2013,8,6,NULL,NULL
2013,9,1,71,9
2013,9,2,260,21
2013,9,3,279,29
2013,9,4,232,14
2013,9,5,249,20
2013,9,6,NULL,NULL
2013,10,1,256,14
2013,10,2,226,12
2013,10,3,287,24
2013,10,4,255,12
2013,10,5,115,7
2013,10,6,NULL,NULL
2013,11,1,125,9
2013,11,2,251,18
2013,11,3,176,11
2013,11,4,214,11
2013,11,5,172,18
2013,11,6,NULL,NULL
2013,12,1,53,4
2013,12,2,230,13
2013,12,3,219,19
2013,12,4,249,12
2013,12,5,184,12
2013,12,6,32,3
2014,1,1,177,17
2014,1,2,201,12
2014,1,3,211,18
2014,1,4,199,5
2014,1,5,72,2
2014,1,6,NULL,NULL
2014,2,1,106,6
2014,2,2,238,18
2014,2,3,226,14
2014,2,4,192,10
2014,2,5,97,3
2014,2,6,NULL,NULL
2014,3,1,121,7
2014,3,2,169,16
2014,3,3,222,9
2014,3,4,221,11
2014,3,5,160,7
2014,3,6,NULL,NULL
2014,4,1,22,1
2014,4,2,218,17
2014,4,3,239,16
2014,4,4,177,17
2014,4,5,182,5
2014,4,6,43,NULL
2014,5,1,206,11
2014,5,2,250,21
2014,5,3,254,16
2014,5,4,241,13
2014,5,5,154,6
2014,5,6,NULL,NULL
2014,6,1,95,4
2014,6,2,236,13
2014,6,3,287,14
2014,6,4,265,21
2014,6,5,236,18
2014,6,6,NULL,NULL
2014,7,1,42,2
2014,7,2,285,14
2014,7,3,267,20
2014,7,4,247,23
2014,7,5,234,17
2014,7,6,84,3
2014,8,1,189,18
2014,8,2,235,19
2014,8,3,218,14
2014,8,4,225,24
2014,8,5,182,12
2014,8,6,NULL,NULL
2014,9,1,234,4
2014,9,2,229,10
2014,9,3,209,20
2014,9,4,257,21
2014,9,5,NULL,17
2014,9,6,NULL,NULL
2014,10,1,253,24
2014,10,2,220,5
2014,10,3,241,16
2014,10,4,207,22
2014,10,5,71,5
2014,10,6,NULL,NULL
2014,11,1,114,9
2014,11,2,207,13
2014,11,3,208,13
2014,11,4,199,18
2014,11,5,149,10
2014,11,6,NULL,NULL
2014,12,1,64,7
2014,12,2,218,14
2014,12,3,168,10
2014,12,4,232,20
2014,12,5,205,23
2014,12,6,10,NULL
2015,1,1,113,14
2015,1,2,182,13
2015,1,3,218,11
2015,1,4,182,14
2015,1,5,67,5
2015,1,6,NULL,NULL
2015,2,1,112,9
2015,2,2,160,13
2015,2,3,177,15
2015,2,4,176,12
2015,2,5,75,3
2015,2,6,NULL,NULL
2015,3,1,118,9
2015,3,2,154,9
2015,3,3,176,17
2015,3,4,183,11
2015,3,5,139,9
2015,3,6,NULL,NULL
2015,4,1,29,1
2015,4,2,233,22
2015,4,3,216,15
2015,4,4,225,10
2015,4,5,206,16
2015,4,6,33,3
2015,5,1,176,11
2015,5,2,260,14
2015,5,3,242,15
2015,5,4,257,11
2015,5,5,130,11
2015,5,6,NULL,NULL
2015,6,1,93,7
2015,6,2,244,12
2015,6,3,241,12
2015,6,4,248,22
2015,6,5,180,16
2015,6,6,NULL,NULL
2015,7,1,33,2
2015,7,2,258,21
2015,7,3,297,17
2015,7,4,260,17
2015,7,5,237,12
2015,7,6,86,7
2015,8,1,183,20
2015,8,2,231,26
2015,8,3,202,15
2015,8,4,225,14
2015,8,5,189,21
2015,8,6,NULL,NULL
2015,9,1,78,6
2015,9,2,237,10
2015,9,3,249,19
2015,9,4,220,21
2015,9,5,186,8
2015,9,6,NULL,NULL
2015,10,1,NULL,13
2015,10,2,226,13
2015,10,3,239,11
2015,10,4,199,15
2015,10,5,180,7
2015,10,6,77,NULL
2015,11,1,115,6
2015,11,2,289,11
2015,11,3,230,13
2015,11,4,215,18
2015,11,5,153,12
2015,11,6,NULL,NULL
2015,12,1,75,16
2015,12,2,240,21
2015,12,3,240,17
2015,12,4,262,20
2015,12,5,255,2
2015,12,6,29,NULL
2016,1,1,168,15
2016,1,2,214,18
2016,1,3,176,10
2016,1,4,162,11
2016,1,5,90,10
2016,1,6,NULL,NULL
2016,2,1,123,10
2016,2,2,152,12
2016,2,3,207,15
2016,2,4,182,11
2016,2,5,105,9
2016,2,6,NULL,NULL
2016,3,1,107,10
2016,3,2,204,9
2016,3,3,190,11
2016,3,4,188,14
2016,3,5,175,10
2016,3,6,NULL,NULL
2016,4,1,249,16
2016,4,2,247,12
2016,4,3,254,15
2016,4,4,240,19
2016,4,5,53,6
2016,4,6,NULL,NULL
2016,5,1,142,21
2016,5,2,215,11
2016,5,3,242,17
2016,5,4,239,17
2016,5,5,159,10
2016,5,6,NULL,NULL
2016,6,1,79,5
2016,6,2,259,22
2016,6,3,240,11
2016,6,4,225,21
2016,6,5,219,10
2016,6,6,NULL,NULL
2016,7,1,254,9
2016,7,2,261,24
2016,7,3,270,16
2016,7,4,213,18
2016,7,5,96,12
2016,7,6,NULL,NULL
2016,8,1,128,13
2016,8,2,216,19
2016,8,3,188,16
2016,8,4,201,14
2016,8,5,190,19
2016,8,6,NULL,NULL
2016,9,1,42,2
2016,9,2,226,14
2016,9,3,218,22
2016,9,4,207,14
2016,9,5,227,16
2016,9,6,27,1
2016,10,1,221,24
2016,10,2,221,16
2016,10,3,204,17
2016,10,4,225,17
2016,10,5,118,10
2016,10,6,NULL,NULL
2016,11,1,110,6
2016,11,2,243,11
2016,11,3,236,20
2016,11,4,218,12
2016,11,5,171,16
2016,11,6,NULL,NULL
2016,12,1,28,2
2016,12,2,219,17
2016,12,3,212,13
2016,12,4,204,7
2016,12,5,175,14
2016,12,6,44,5
2017,1,1,146,11
2017,1,2,108,10
2017,1,3,165,11
2017,1,4,159,15
2017,1,5,67,7
2017,1,6,NULL,NULL
2017,2,1,111,6
2017,2,2,168,12
2017,2,3,202,15
2017,2,4,210,13
2017,2,5,66,10
2017,2,6,NULL,NULL
2017,3,1,110,4
2017,3,2,142,12
2017,3,3,157,7
2017,3,4,186,8
2017,3,5,163,10
2017,3,6,NULL,NULL
2017,4,1,26,3
2017,4,2,235,9
2017,4,3,238,19
2017,4,4,159,9
2017,4,5,199,10
2017,4,6,29,1
2017,5,1,230,19
2017,5,2,215,13
2017,5,3,210,5
2017,5,4,215,10
2017,5,5,99,5
2017,5,6,NULL,NULL
2017,6,1,100,5
2017,6,2,222,10
2017,6,3,242,21
2017,6,4,234,17
2017,6,5,200,10
2017,6,6,NULL,NULL
2017,7,1,38,1
2017,7,2,245,13
2017,7,3,233,26
2017,7,4,225,15
2017,7,5,254,16
2017,7,6,55,2
2017,8,1,164,11
2017,8,2,208,17
2017,8,3,195,21
2017,8,4,199,19
2017,8,5,157,8
2017,8,6,NULL,NULL
2017,9,1,81,7
2017,9,2,229,14
2017,9,3,258,13
2017,9,4,260,28
2017,9,5,206,16
2017,9,6,NULL,NULL
2017,10,1,256,17
2017,10,2,251,22
2017,10,3,245,14
2017,10,4,223,12
2017,10,5,81,5
2017,10,6,NULL,NULL
2017,11,1,129,5
2017,11,2,199,17
2017,11,3,180,9
2017,11,4,198,10
2017,11,5,151,11
2017,11,6,NULL,NULL
2017,12,1,62,5
2017,12,2,249,18
2017,12,3,235,15
2017,12,4,208,15
2017,12,5,141,10
2017,12,6,20,2
2018,1,1,166,12
2018,1,2,169,7
2018,1,3,175,8
2018,1,4,183,7
2018,1,5,85,4
2018,1,6,NULL,NULL
2018,2,1,88,4
2018,2,2,205,13
2018,2,3,165,6
2018,2,4,155,8
2018,2,5,71,6
2018,2,6,NULL,NULL
2018,3,1,92,11
2018,3,2,229,18
2018,3,3,191,13
2018,3,4,196,19
2018,3,5,182,8
2018,3,6,NULL,NULL
2018,4,1,39,2
2018,4,2,215,16
2018,4,3,167,8
2018,4,4,190,12
2018,4,5,222,14
2018,4,6,36,2
2018,5,1,178,10
2018,5,2,181,15
2018,5,3,170,15
2018,5,4,205,7
2018,5,5,132,6
2018,5,6,NULL,NULL
2018,6,1,97,5
2018,6,2,222,15
2018,6,3,246,14
2018,6,4,206,5
2018,6,5,168,10
2018,6,6,NULL,NULL
2018,7,1,36,5
2018,7,2,217,11
2018,7,3,239,19
2018,7,4,233,23
2018,7,5,220,13
2018,7,6,71,4
2018,8,1,167,15
2018,8,2,228,13
2018,8,3,171,20
2018,8,4,212,13
2018,8,5,153,9
2018,8,6,NULL,NULL
2018,9,1,64,4
2018,9,2,203,14
2018,9,3,244,18
2018,9,4,232,11
2018,9,5,191,11
2018,9,6,NULL,NULL
2018,10,1,203,10
2018,10,2,236,26
2018,10,3,235,10
2018,10,4,247,13
2018,10,5,89,4
2018,10,6,NULL,NULL
2018,11,1,157,17
2018,11,2,245,17
2018,11,3,208,14
2018,11,4,212,9
2018,11,5,133,6
2018,11,6,NULL,NULL
2018,12,1,43,9
2018,12,2,210,13
2018,12,3,203,13
2018,12,4,223,18
2018,12,5,160,15
2018,12,6,26,3
2019,1,1,117,7
2019,1,2,144,7
2019,1,3,181,14
2019,1,4,167,14
2019,1,5,67,2
2019,1,6,NULL,NULL
2019,2,1,101,6
2019,2,2,172,10
2019,2,3,169,7
2019,2,4,156,12
2019,2,5,95,4
2019,2,6,NULL,NULL
2019,3,1,104,7
2019,3,2,198,9
2019,3,3,195,10
2019,3,4,182,9
2019,3,5,160,4
2019,3,6,NULL,NULL
2019,4,1,34,4
2019,4,2,199,8
2019,4,3,187,11
2019,4,4,222,15
2019,4,5,182,12
2019,4,6,32,NULL
2019,5,1,162,12
2019,5,2,219,12
2019,5,3,225,11
2019,5,4,233,16
2019,5,5,139,14
2019,5,6,NULL,NULL
2019,6,1,82,3
2019,6,2,239,15
2019,6,3,255,20
2019,6,4,244,23
2019,6,5,204,13
2019,6,6,NULL,NULL
2019,7,1,37,2
2019,7,2,266,19
2019,7,3,242,17
2019,7,4,223,16
2019,7,5,236,14
2019,7,6,69,2
2019,8,1,175,9
2019,8,2,243,22
2019,8,3,190,18
2019,8,4,195,20
2019,8,5,166,11
2019,8,6,NULL,NULL
2019,9,1,54,9
2019,9,2,202,17
2019,9,3,255,13
2019,9,4,192,11
2019,9,5,214,20
2019,9,6,NULL,NULL
2019,10,1,261,9
2019,10,2,213,15
2019,10,3,208,12
2019,10,4,227,25
2019,10,5,111,2
2019,10,6,NULL,NULL
2019,11,1,101,9
2019,11,2,192,8
2019,11,3,194,10
2019,11,4,180,9
2019,11,5,171,7
2019,11,6,NULL,NULL
2019,12,1,61,6
2019,12,2,224,14
2019,12,3,178,7
2019,12,4,208,9
2019,12,5,136,12
2019,12,6,22,3
2020,1,1,144,8
2020,1,2,197,11
2020,1,3,163,11
2020,1,4,195,12
2020,1,5,98,8
2020,1,6,NULL,NULL
2020,2,1,126,8
2020,2,2,178,8
2020,2,3,206,8
2020,2,4,216,10
2020,2,5,127,10
2020,2,6,NULL,NULL
2020,3,1,83,4
2020,3,2,192,12
2020,3,3,133,3
2020,3,4,75,5
2020,3,5,35,2
2020,3,6,NULL,NULL
2020,4,1,53,NULL
2020,4,2,84,5
2020,4,3,53,8
2020,4,4,88,8
2020,4,5,34,2
2020,4,6,NULL,NULL
2020,5,1,77,8
2020,5,2,179,9
2020,5,3,191,12
2020,5,4,169,12
2020,5,5,122,11
2020,5,6,NULL,NULL
2020,6,1,60,4
2020,6,2,177,11
2020,6,3,219,10
2020,6,4,230,12
2020,6,5,212,13
2020,6,6,NULL,NULL
2020,7,1,211,14
2020,7,2,214,6
2020,7,3,237,11
2020,7,4,223,23
2020,7,5,97,3
2020,7,6,NULL,NULL
2020,8,1,118,7
2020,8,2,214,17
2020,8,3,189,17
2020,8,4,180,15
2020,8,5,177,12
2020,8,6,NULL,NULL
2020,9,1,34,1
2020,9,2,241,15
2020,9,3,225,15
2020,9,4,240,22
2020,9,5,213,14
2020,9,6,42,1
2020,10,1,181,16
2020,10,2,202,15
2020,10,3,219,13
2020,10,4,202,15
2020,10,5,108,6
2020,10,6,NULL,NULL
2020,11,1,88,9
2020,11,2,177,12
2020,11,3,139,8
2020,11,4,109,10
2020,11,5,138,12
2020,11,6,NULL,NULL
2020,12,1,17,1
2020,12,2,126,10
2020,12,3,101,2
2020,12,4,128,8
2020,12,5,136,8
2020,12,6,41,1
2021,1,1,113,12
2021,1,2,127,7
2021,1,3,118,6
2021,1,4,151,7
2021,1,5,69,5
2021,1,6,NULL,NULL
2021,2,1,94,6
2021,2,2,157,6
2021,2,3,90,4
2021,2,4,121,10
2021,2,5,65,5
2021,2,6,NULL,NULL
2021,3,1,87,6
2021,3,2,150,6
2021,3,3,138,6
2021,3,4,127,11
2021,3,5,125,6
2021,3,6,NULL,NULL
2021,4,1,15,2
2021,4,2,158,8
2021,4,3,179,9
2021,4,4,171,8
2021,4,5,186,8
2021,4,6,31,1
2021,5,1,164,11
2021,5,2,211,11
2021,5,3,235,16
2021,5,4,227,13
2021,5,5,137,12
2021,5,6,NULL,NULL
2021,6,1,98,2
2021,6,2,236,7
2021,6,3,206,15
2021,6,4,227,12
2021,6,5,217,13
2021,6,6,NULL,NULL
2021,7,1,47,3
2021,7,2,257,14
2021,7,3,274,16
2021,7,4,264,18
2021,7,5,281,19
2021,7,6,81,4
2021,8,1,212,9
2021,8,2,210,18
2021,8,3,217,17
2021,8,4,221,15
2021,8,5,159,10
2021,8,6,NULL,NULL
2021,9,1,74,5
2021,9,2,250,18
2021,9,3,222,22
2021,9,4,246,12
2021,9,5,257,16
2021,9,6,NULL,NULL
2021,10,1,270,11
2021,10,2,214,13
2021,10,3,228,9
2021,10,4,240,11
2021,10,5,95,4
2021,10,6,NULL,NULL
2021,11,1,146,14
2021,11,2,223,11
2021,11,3,220,19
2021,11,4,185,13
2021,11,5,124,5
2021,11,6,NULL,NULL
2021,12,1,73,2
2021,12,2,191,12
2021,12,3,170,11
2021,12,4,201,7
2021,12,5,152,13
2021,12,6,20,2
2022,1,1,147,14
2022,1,2,141,13
2022,1,3,169,11
2022,1,4,122,10
2022,1,5,63,6
2022,1,6,NULL,NULL
2022,2,1,99,6
2022,2,2,158,5
2022,2,3,193,10
2022,2,4,188,8
2022,2,5,70,2
2022,2,6,NULL,NULL
2022,3,1,92,2
2022,3,2,142,10
2022,3,3,147,5
2022,3,4,177,7
2022,3,5,171,8
2022,3,6,NULL,NULL
2022,4,1,30,1
2022,4,2,234,10
2022,4,3,254,18
2022,4,4,206,19
2022,4,5,195,11
2022,4,6,27,NULL
2022,5,1,175,14
2022,5,2,243,9
2022,5,3,196,9
2022,5,4,219,18
2022,5,5,108,4
2022,5,6,NULL,NULL
2022,6,1,122,12
2022,6,2,241,11
2022,6,3,204,12
2022,6,4,231,11
2022,6,5,211,12
2022,6,6,NULL,NULL
2022,7,1,38,NULL
2022,7,2,209,13
2022,7,3,214,10
2022,7,4,221,25
2022,7,5,185,15
2022,7,6,56,5
2022,8,1,139,7
2022,8,2,210,18
2022,8,3,162,8
2022,8,4,155,8
2022,8,5,127,13
2022,8,6,NULL,NULL
2022,9,1,71,5
2022,9,2,203,13
2022,9,3,240,14
2022,9,4,230,15
2022,9,5,247,16
2022,9,6,NULL,NULL
2022,10,1,236,18
2022,10,2,227,11
2022,10,3,224,16
2022,10,4,237,22
2022,10,5,101,6
2022,10,6,NULL,NULL
2022,11,1,147,7
2022,11,2,224,16
2022,11,3,202,12
2022,11,4,220,12
2022,11,5,120,7
2022,11,6,NULL,NULL
2022,12,1,63,1
2022,12,2,179,9
2022,12,3,187,13
2022,12,4,232,12
2022,12,5,178,17
2022,12,6,28,2
